path,sha256,subject,n_samples,span_s,fs_effective,fs_median_dt,n_unique_ts,duplicate_fraction,amp_min,amp_max,monotonic,n_backward_steps,max_gap_s
prorithm_ecg/1049/2026-08-08_06.csv,29b2cdf6acb2e4b7993736978cc65da0d619688c307f8100335192f3940e901d,1049,281458,1740.548,161.7065429968033,inf,134349,0.5226676804354469,-459.5905456542969,643.868408203125,False,107,13.244
prorithm_ecg/1049/2026-08-08_07.csv,85a62e00a51b43185fb8d9417a1c6a45eac6e87c60d1e4b3926be593cd21a365,1049,77175,464.173,166.2634405706493,inf,36473,0.5273987690314221,-560.5360107421875,452.4039611816406,False,30,0.301
prorithm_ecg/1789/2026-08-07_08.csv,7f06d1ac500026f54e88a0fe4cd331351cbeaa4e3a715add8609476367a6c539,1789,119276,1377.43,86.59314810915981,1000.0,67151,0.43701163687581746,-87.52449798583984,137.2012481689453,False,4,27.818
prorithm_ecg/1789/2026-08-07_10.csv,9cbdf6e4b5ef60c49849405c171eca3ede156199310506b7059a6d522bbca30f,1789,141911,1003.546,141.40956169423225,inf,55091,0.6117918977387236,-637.1612548828125,706.5341796875,False,45,13.169
prorithm_ecg/1789/2026-08-09_13.csv,8e5163b9ddd10a24beb1891b142e72865e662a645bd45a0124dfbb02b3cbb4c0,1789,99143,595.344,166.53061087371333,inf,31511,0.6821661640257002,-329.8827209472656,341.2021484375,False,39,0.231
prorithm_ecg/1789/2026-08-09_14.csv,a3b9fd730c71bc993f32f678d44cdc5ef1395af7f513b68dd5bd2e06414680f5,1789,348350,3598.931,96.7926309229046,inf,129069,0.6294847136500645,-449.9181823730469,465.9175415039063,False,38,172.007
prorithm_ecg/1789/2026-08-09_15.csv,54bb00c1e069d47c6317fb4005602ddba2f4839166a94841802b25cdb3474ddb,1789,62592,622.805,100.50015654980291,inf,26523,0.5762557515337423,-609.6019287109375,432.9830932617188,False,6,0.525
prorithm_ecg/1789/2026-08-09_16.csv,8c0c3bb898488faa3cc0216e25d3ba393aade701a55ece60df16f7164394360d,1789,108623,1124.932,96.5596142700181,1000.0,60422,0.4437457996925145,-647.9964599609375,518.7294311523438,False,8,13.254
prorithm_ecg/1789/2026-08-09_17.csv,3cd212c0468eeaac40056d45ba358e0c3c5b42b9b46f03187001b37d3dae439f,1789,113656,1274.141,89.20205848489296,inf,52333,0.5395491659041318,-549.69921875,421.0812377929688,True,0,0.215
prorithm_ecg/1789/2026-08-10_05.csv,4238d443498d1a219d32337359f1e2a7405bb54b93b8fd6c04712ec74cb2cb05,1789,123233,857.559,143.7020659802999,inf,47339,0.6158577653712886,-453.0450744628906,453.1953125,False,40,13.299
prorithm_ecg/1789/2026-08-13_10.csv,51bee337220fb07880535ccb1fca7b885c8e441e017b51a35126ec02def9196a,1789,35072,273.048,128.44628050745655,1000.0,18763,0.46501482664233573,-291.9537658691406,370.2073669433594,False,9,0.218
prorithm_ecg/1789/2026-08-17_07.csv,ebcd0eb6bbe07d06ea6d1f4b6e7b554b35625a0db7c4dd550c495ac4f5b8e96d,1789,216318,2480.718,87.19975426469273,1000.0,120158,0.4445307371554841,-498.9524841308594,562.4031372070312,True,0,52.685
prorithm_ecg/1789/2026-08-17_08.csv,cb1cd17d71d1684a26bf9b64bd83ab22113f9d1e1aaf8cf90f4c38650e309957,1789,200901,2255.484,89.07223460685157,1000.0,100495,0.4997784978671087,-427.4145202636719,510.3211975097656,True,0,13.237
prorithm_ecg/1789/2026-08-17_09.csv,6ac996f1d94cc381f421489c5ae99db9d81e251d3ecfef72ac7ac4fa19afdb43,1789,24852,282.533,87.96140627820466,1000.0,14072,0.433767906003541,-283.3132019042969,317.31768798828125,True,0,0.232
prorithm_ecg/1789/2026-08-17_10.csv,703a9b7a8f99bf0a790979a7089b81a268ae5955f6f29ce4253be04f1c2ae062,1789,25387,496.991,51.08140791281935,333.3333333333333,19699,0.22405167999369757,-709.6766357421875,783.93505859375,True,0,119.43
prorithm_ecg/1789/2026-08-20_09.csv,695a3f14c7364641fdd38d2eb439e59b0f252b711a86d53c2ece32228873838f,1789,159905,1815.278,88.0884360412014,1000.0,98636,0.3831587505081142,-472.182373046875,521.3787841796875,True,0,26.468
prorithm_ecg/1789/2026-08-20_10.csv,71ae1997097f3ec73840438009131d8b5e971798576ff459b61ea09dabc39f1d,1789,140831,1569.961,89.70350218890788,1000.0,75272,0.4655154049889584,-220.4947052001953,210.6014404296875,True,0,0.27
prorithm_ecg/1793/2026-08-08_06.csv,47c2e684adde952f137bf00f7a4516c358f053ad288013ccbb74a9587539fb01,1793,4755,52.756,90.13192812191978,100.0,4011,0.15646687697160888,-575.0715942382812,438.8366088867188,True,0,0.191
prorithm_ecg/1793/2026-08-08_07.csv,80abd3d8399a2025624dc6e3b5edf604589d4e914a45cdec007561331e70e6a7,1793,495085,3119.121,158.7258076874863,inf,232339,0.5307088681741519,-614.1646118164062,631.665283203125,False,190,66.865
prorithm_ecg/1793/2026-08-08_08.csv,4ac51a0b782944685889c78059bd466424ae739c6cb2642c287806447ebdb6f3,1793,421884,3597.897,117.25849850621071,1000.0,235054,0.4428468488968532,-986.9570922851562,928.7362670898438,False,133,470.277
prorithm_ecg/1793/2026-08-08_09.csv,dfe4c8218700658f3b76bae8e2406bcfe53067f70c12782c7397cd7a5b8b05c5,1793,326257,2858.46,114.13733268963009,1000.0,190644,0.4156631122090867,-955.9566040039062,792.5512084960938,False,68,39.633
prorithm_ecg/1793/2026-08-08_10.csv,b47f8c2950d74dc907bf138cf4995387058b8dd3ad340b6a043ea27f925cca4d,1793,354477,2887.634,122.75690063214383,inf,156430,0.5587019750223569,-486.744140625,620.8125,False,83,14.818
prorithm_ecg/1793/2026-08-08_11.csv,cd59433bc58e7ab391aa56292d79fe8fb5fe7a73a946781d35226ebd335fa7da,1793,56785,452.771,125.41660132826527,1000.0,33017,0.41856123976402215,-1439.548583984375,812.6882934570312,False,15,18.028
prorithm_ecg/1793/2026-08-09_16.csv,fd89da14fa9c08aad356f5bf1d5040c8c39981e6498f95e5c9d37c7062a0bb4b,1793,187047,1361.38,137.39514316355462,inf,76552,0.5907338797200703,-770.4931640625,872.9019775390625,False,62,39.92
prorithm_ecg/1793/2026-08-09_17.csv,097fcd89061836229b8a997d8e214572c5bcacf7c734f6a7b2e7818c737fa19f,1793,336497,2190.851,153.59191473998004,inf,149280,0.5563704877012277,-898.0007934570312,922.0259399414062,False,118,0.298
prorithm_ecg/1793/2026-08-10_05.csv,0a01d2506875033d8726569fd7377dc3db9438fabdb3b05a44c890953149d2ab,1793,69036,925.669,74.57957434028795,1000.0,36368,0.47320238716032215,-622.5840454101562,598.989501953125,False,18,395.349
prorithm_ecg/1794/2026-08-07_08.csv,66d734ac3ad6401da05c0cc8637a374b00bf167c4be59b8262418a94fbb62323,1794,185539,2163.66,85.7523825369975,inf,74296,0.5995666679242639,-966.0516967773438,965.7726440429688,False,68,695.613
prorithm_ecg/1794/2026-08-07_09.csv,ae4f526f362141d30f848a1842aa708c600cf33890dfc9b2788b9ee825f5e985,1794,201732,3587.938,56.225051826425094,1000.0,140714,0.3024706045644717,-836.4786987304688,998.856201171875,False,12,1323.049
prorithm_ecg/1794/2026-08-07_10.csv,4a7e430e04dce10ae6e993b16bf71c2a8800ca9de6b0cb3df13a479d24637415,1794,302729,3220.727,93.99399576555231,1000.0,213058,0.29620882043015373,-720.5826416015625,876.4479370117188,False,18,13.398
prorithm_ecg/1794/2026-08-09_11.csv,698e91df1a17ef236cba4cccb25bffb4b069c9affa07a91afabfd077efe31bee,1794,124310,812.639,152.97075331112586,inf,34950,0.7188480411873541,-432.6230163574219,480.5896911621094,False,43,0.229
prorithm_ecg/1794/2026-08-09_12.csv,674f206a2f41d228d9c62c9f45d589b5284cfc7b924722891ad75709cd1fc537,1794,437054,2659.29,164.34988286347107,inf,109955,0.7484178156474943,-272.85565185546875,405.1290893554688,False,182,157.308
prorithm_ecg/1794/2026-08-09_13.csv,0b6bf7ec2e1a99501fc18631ac0e386a979eabfd725db0eee69df3fe7fea993c,1794,504376,3603.8,139.9567123591764,inf,132373,0.737550954050153,-598.5797729492188,582.5953979492188,False,189,458.562
prorithm_ecg/1794/2026-08-09_14.csv,e0482421d538e0b5b09d7fb448122de7c460f81af79df68f70d064d2865d6fa6,1794,478417,3597.142,132.99919769639342,inf,199021,0.584000986587015,-1067.4091796875,969.24560546875,False,192,474.323
prorithm_ecg/1794/2026-08-09_15.csv,4d465483e822956157827c8cad2294c05a5f97d471485bce06e13ca6bbbf4b20,1794,24864,222.617,111.68958345499222,1000.0,15217,0.3879906692406693,-774.9071655273438,594.7732543945312,False,4,0.2
prorithm_ecg/1794/2026-08-09_16.csv,8dfa2945dc885fbfd5a876d55a5b4a0da7c052948f5926d504984cf9ac047120,1794,181197,1389.692,130.38644534184553,1000.0,111658,0.38377566957510334,-666.6380615234375,634.2205200195312,False,47,0.323
prorithm_ecg/1794/2026-08-09_17.csv,51d4113da861784a2add84b404336c80143a2b159d599addf3b9eb57662ea805,1794,309040,2163.172,142.86427524024904,1000.0,177440,0.42583484338596944,-596.375732421875,595.5263671875,False,97,13.266
prorithm_ecg/1794/2026-08-10_05.csv,ecf5b511b90037d86e4034a192df51ca7203823fd868c63c688fc676605bcf1d,1794,228635,1840.26,124.24059643745993,inf,84445,0.6306558488420408,-475.3342590332031,566.7070922851562,False,84,380.389
