record,arm,lead,fs,paced,n_ref,n_det,TP,FN,FP,sensitivity,ppv,f1,excluded
100,A_360_clean,MLII,360.0,False,2273.0,2270.0,2270.0,3.0,0.0,0.9987,1.0,0.9993,
100,B_89.7_clean,MLII,89.7,False,2273.0,2270.0,2270.0,3.0,0.0,0.9987,1.0,0.9993,
100,C_89.7_raw,MLII,89.7,False,2273.0,2270.0,2270.0,3.0,0.0,0.9987,1.0,0.9993,
100,D_133.8_clean,MLII,133.83,False,2273.0,2270.0,2270.0,3.0,0.0,0.9987,1.0,0.9993,
100,E_133.8_raw,MLII,133.83,False,2273.0,2270.0,2270.0,3.0,0.0,0.9987,1.0,0.9993,
101,A_360_clean,MLII,360.0,False,1865.0,1865.0,1863.0,2.0,2.0,0.9989,0.9989,0.9989,
101,B_89.7_clean,MLII,89.7,False,1865.0,1864.0,1863.0,2.0,1.0,0.9989,0.9995,0.9992,
101,C_89.7_raw,MLII,89.7,False,1865.0,1865.0,1863.0,2.0,2.0,0.9989,0.9989,0.9989,
101,D_133.8_clean,MLII,133.83,False,1865.0,1865.0,1863.0,2.0,2.0,0.9989,0.9989,0.9989,
101,E_133.8_raw,MLII,133.83,False,1865.0,1868.0,1862.0,3.0,6.0,0.9984,0.9968,0.9976,
102,-,V5|V2,,,,,,,,,,,no MLII channel
103,A_360_clean,MLII,360.0,False,2084.0,2084.0,2084.0,0.0,0.0,1.0,1.0,1.0,
103,B_89.7_clean,MLII,89.7,False,2084.0,2084.0,2084.0,0.0,0.0,1.0,1.0,1.0,
103,C_89.7_raw,MLII,89.7,False,2084.0,2084.0,2084.0,0.0,0.0,1.0,1.0,1.0,
103,D_133.8_clean,MLII,133.83,False,2084.0,2084.0,2084.0,0.0,0.0,1.0,1.0,1.0,
103,E_133.8_raw,MLII,133.83,False,2084.0,2084.0,2084.0,0.0,0.0,1.0,1.0,1.0,
104,-,V5|V2,,,,,,,,,,,no MLII channel
105,A_360_clean,MLII,360.0,False,2572.0,2561.0,2546.0,26.0,15.0,0.9899,0.9941,0.992,
105,B_89.7_clean,MLII,89.7,False,2572.0,2550.0,2541.0,31.0,9.0,0.9879,0.9965,0.9922,
105,C_89.7_raw,MLII,89.7,False,2572.0,2561.0,2548.0,24.0,13.0,0.9907,0.9949,0.9928,
105,D_133.8_clean,MLII,133.83,False,2572.0,2563.0,2550.0,22.0,13.0,0.9914,0.9949,0.9932,
105,E_133.8_raw,MLII,133.83,False,2572.0,2569.0,2552.0,20.0,17.0,0.9922,0.9934,0.9928,
106,A_360_clean,MLII,360.0,False,2027.0,2031.0,2022.0,5.0,9.0,0.9975,0.9956,0.9966,
106,B_89.7_clean,MLII,89.7,False,2027.0,2025.0,2017.0,10.0,8.0,0.9951,0.996,0.9956,
106,C_89.7_raw,MLII,89.7,False,2027.0,2033.0,2024.0,3.0,9.0,0.9985,0.9956,0.997,
106,D_133.8_clean,MLII,133.83,False,2027.0,2037.0,2025.0,2.0,12.0,0.999,0.9941,0.9966,
106,E_133.8_raw,MLII,133.83,False,2027.0,2037.0,2027.0,0.0,10.0,1.0,0.9951,0.9975,
107,A_360_clean,MLII,360.0,True,2137.0,2136.0,2136.0,1.0,0.0,0.9995,1.0,0.9998,
107,B_89.7_clean,MLII,89.7,True,2137.0,2134.0,2134.0,3.0,0.0,0.9986,1.0,0.9993,
107,C_89.7_raw,MLII,89.7,True,2137.0,2136.0,2136.0,1.0,0.0,0.9995,1.0,0.9998,
107,D_133.8_clean,MLII,133.83,True,2137.0,2136.0,2136.0,1.0,0.0,0.9995,1.0,0.9998,
107,E_133.8_raw,MLII,133.83,True,2137.0,2136.0,2136.0,1.0,0.0,0.9995,1.0,0.9998,
108,A_360_clean,MLII,360.0,False,1763.0,1744.0,1563.0,200.0,181.0,0.8866,0.8962,0.8914,
108,B_89.7_clean,MLII,89.7,False,1763.0,1716.0,1556.0,207.0,160.0,0.8826,0.9068,0.8945,
108,C_89.7_raw,MLII,89.7,False,1763.0,1758.0,1640.0,123.0,118.0,0.9302,0.9329,0.9316,
108,D_133.8_clean,MLII,133.83,False,1763.0,1753.0,1623.0,140.0,130.0,0.9206,0.9258,0.9232,
108,E_133.8_raw,MLII,133.83,False,1763.0,1780.0,1670.0,93.0,110.0,0.9472,0.9382,0.9427,
109,A_360_clean,MLII,360.0,False,2532.0,2531.0,2531.0,1.0,0.0,0.9996,1.0,0.9998,
109,B_89.7_clean,MLII,89.7,False,2532.0,2530.0,2530.0,2.0,0.0,0.9992,1.0,0.9996,
109,C_89.7_raw,MLII,89.7,False,2532.0,2530.0,2530.0,2.0,0.0,0.9992,1.0,0.9996,
109,D_133.8_clean,MLII,133.83,False,2532.0,2531.0,2531.0,1.0,0.0,0.9996,1.0,0.9998,
109,E_133.8_raw,MLII,133.83,False,2532.0,2531.0,2531.0,1.0,0.0,0.9996,1.0,0.9998,
111,A_360_clean,MLII,360.0,False,2124.0,2124.0,2124.0,0.0,0.0,1.0,1.0,1.0,
111,B_89.7_clean,MLII,89.7,False,2124.0,2123.0,2123.0,1.0,0.0,0.9995,1.0,0.9998,
111,C_89.7_raw,MLII,89.7,False,2124.0,2123.0,2123.0,1.0,0.0,0.9995,1.0,0.9998,
111,D_133.8_clean,MLII,133.83,False,2124.0,2124.0,2124.0,0.0,0.0,1.0,1.0,1.0,
111,E_133.8_raw,MLII,133.83,False,2124.0,2124.0,2123.0,1.0,1.0,0.9995,0.9995,0.9995,
112,A_360_clean,MLII,360.0,False,2539.0,2539.0,2539.0,0.0,0.0,1.0,1.0,1.0,
112,B_89.7_clean,MLII,89.7,False,2539.0,2539.0,2539.0,0.0,0.0,1.0,1.0,1.0,
112,C_89.7_raw,MLII,89.7,False,2539.0,2539.0,2539.0,0.0,0.0,1.0,1.0,1.0,
112,D_133.8_clean,MLII,133.83,False,2539.0,2539.0,2539.0,0.0,0.0,1.0,1.0,1.0,
112,E_133.8_raw,MLII,133.83,False,2539.0,2539.0,2539.0,0.0,0.0,1.0,1.0,1.0,
113,A_360_clean,MLII,360.0,False,1795.0,2833.0,1794.0,1.0,1039.0,0.9994,0.6333,0.7753,
113,B_89.7_clean,MLII,89.7,False,1795.0,3239.0,1794.0,1.0,1445.0,0.9994,0.5539,0.7128,
113,C_89.7_raw,MLII,89.7,False,1795.0,2458.0,1794.0,1.0,664.0,0.9994,0.7299,0.8436,
113,D_133.8_clean,MLII,133.83,False,1795.0,2350.0,1794.0,1.0,556.0,0.9994,0.7634,0.8656,
113,E_133.8_raw,MLII,133.83,False,1795.0,1876.0,1794.0,1.0,82.0,0.9994,0.9563,0.9774,
114,A_360_clean,MLII,360.0,False,1879.0,1881.0,1878.0,1.0,3.0,0.9995,0.9984,0.9989,
114,B_89.7_clean,MLII,89.7,False,1879.0,1878.0,1878.0,1.0,0.0,0.9995,1.0,0.9997,
114,C_89.7_raw,MLII,89.7,False,1879.0,1881.0,1878.0,1.0,3.0,0.9995,0.9984,0.9989,
114,D_133.8_clean,MLII,133.83,False,1879.0,1882.0,1878.0,1.0,4.0,0.9995,0.9979,0.9987,
114,E_133.8_raw,MLII,133.83,False,1879.0,1882.0,1878.0,1.0,4.0,0.9995,0.9979,0.9987,
115,A_360_clean,MLII,360.0,False,1953.0,1953.0,1953.0,0.0,0.0,1.0,1.0,1.0,
115,B_89.7_clean,MLII,89.7,False,1953.0,1953.0,1953.0,0.0,0.0,1.0,1.0,1.0,
115,C_89.7_raw,MLII,89.7,False,1953.0,1957.0,1953.0,0.0,4.0,1.0,0.998,0.999,
115,D_133.8_clean,MLII,133.83,False,1953.0,1953.0,1953.0,0.0,0.0,1.0,1.0,1.0,
115,E_133.8_raw,MLII,133.83,False,1953.0,1953.0,1953.0,0.0,0.0,1.0,1.0,1.0,
116,A_360_clean,MLII,360.0,False,2412.0,2400.0,2398.0,14.0,2.0,0.9942,0.9992,0.9967,
116,B_89.7_clean,MLII,89.7,False,2412.0,2397.0,2395.0,17.0,2.0,0.993,0.9992,0.996,
116,C_89.7_raw,MLII,89.7,False,2412.0,2398.0,2395.0,17.0,3.0,0.993,0.9987,0.9958,
116,D_133.8_clean,MLII,133.83,False,2412.0,2398.0,2396.0,16.0,2.0,0.9934,0.9992,0.9963,
116,E_133.8_raw,MLII,133.83,False,2412.0,2399.0,2395.0,17.0,4.0,0.993,0.9983,0.9956,
117,A_360_clean,MLII,360.0,False,1535.0,1534.0,1534.0,1.0,0.0,0.9993,1.0,0.9997,
117,B_89.7_clean,MLII,89.7,False,1535.0,1536.0,1535.0,0.0,1.0,1.0,0.9993,0.9997,
117,C_89.7_raw,MLII,89.7,False,1535.0,1535.0,1535.0,0.0,0.0,1.0,1.0,1.0,
117,D_133.8_clean,MLII,133.83,False,1535.0,1535.0,1535.0,0.0,0.0,1.0,1.0,1.0,
117,E_133.8_raw,MLII,133.83,False,1535.0,1535.0,1535.0,0.0,0.0,1.0,1.0,1.0,
118,A_360_clean,MLII,360.0,False,2278.0,2277.0,2277.0,1.0,0.0,0.9996,1.0,0.9998,
118,B_89.7_clean,MLII,89.7,False,2278.0,2277.0,2277.0,1.0,0.0,0.9996,1.0,0.9998,
118,C_89.7_raw,MLII,89.7,False,2278.0,2277.0,2277.0,1.0,0.0,0.9996,1.0,0.9998,
118,D_133.8_clean,MLII,133.83,False,2278.0,2277.0,2277.0,1.0,0.0,0.9996,1.0,0.9998,
118,E_133.8_raw,MLII,133.83,False,2278.0,2278.0,2277.0,1.0,1.0,0.9996,0.9996,0.9996,
119,A_360_clean,MLII,360.0,False,1987.0,1988.0,1987.0,0.0,1.0,1.0,0.9995,0.9997,
119,B_89.7_clean,MLII,89.7,False,1987.0,1987.0,1987.0,0.0,0.0,1.0,1.0,1.0,
119,C_89.7_raw,MLII,89.7,False,1987.0,1987.0,1987.0,0.0,0.0,1.0,1.0,1.0,
119,D_133.8_clean,MLII,133.83,False,1987.0,1987.0,1987.0,0.0,0.0,1.0,1.0,1.0,
119,E_133.8_raw,MLII,133.83,False,1987.0,1987.0,1987.0,0.0,0.0,1.0,1.0,1.0,
121,A_360_clean,MLII,360.0,False,1863.0,1862.0,1862.0,1.0,0.0,0.9995,1.0,0.9997,
121,B_89.7_clean,MLII,89.7,False,1863.0,1862.0,1862.0,1.0,0.0,0.9995,1.0,0.9997,
121,C_89.7_raw,MLII,89.7,False,1863.0,1862.0,1862.0,1.0,0.0,0.9995,1.0,0.9997,
121,D_133.8_clean,MLII,133.83,False,1863.0,1863.0,1862.0,1.0,1.0,0.9995,0.9995,0.9995,
121,E_133.8_raw,MLII,133.83,False,1863.0,1864.0,1862.0,1.0,2.0,0.9995,0.9989,0.9992,
122,A_360_clean,MLII,360.0,False,2476.0,2475.0,2474.0,2.0,1.0,0.9992,0.9996,0.9994,
122,B_89.7_clean,MLII,89.7,False,2476.0,2475.0,2475.0,1.0,0.0,0.9996,1.0,0.9998,
122,C_89.7_raw,MLII,89.7,False,2476.0,2475.0,2475.0,1.0,0.0,0.9996,1.0,0.9998,
122,D_133.8_clean,MLII,133.83,False,2476.0,2475.0,2475.0,1.0,0.0,0.9996,1.0,0.9998,
122,E_133.8_raw,MLII,133.83,False,2476.0,2475.0,2475.0,1.0,0.0,0.9996,1.0,0.9998,
123,A_360_clean,MLII,360.0,False,1518.0,1518.0,1517.0,1.0,1.0,0.9993,0.9993,0.9993,
123,B_89.7_clean,MLII,89.7,False,1518.0,1517.0,1517.0,1.0,0.0,0.9993,1.0,0.9997,
123,C_89.7_raw,MLII,89.7,False,1518.0,1518.0,1517.0,1.0,1.0,0.9993,0.9993,0.9993,
123,D_133.8_clean,MLII,133.83,False,1518.0,1518.0,1517.0,1.0,1.0,0.9993,0.9993,0.9993,
123,E_133.8_raw,MLII,133.83,False,1518.0,1518.0,1517.0,1.0,1.0,0.9993,0.9993,0.9993,
124,A_360_clean,MLII,360.0,False,1619.0,1603.0,1600.0,19.0,3.0,0.9883,0.9981,0.9932,
124,B_89.7_clean,MLII,89.7,False,1619.0,1601.0,1599.0,20.0,2.0,0.9876,0.9988,0.9932,
124,C_89.7_raw,MLII,89.7,False,1619.0,1623.0,1619.0,0.0,4.0,1.0,0.9975,0.9988,
124,D_133.8_clean,MLII,133.83,False,1619.0,1614.0,1611.0,8.0,3.0,0.9951,0.9981,0.9966,
124,E_133.8_raw,MLII,133.83,False,1619.0,1621.0,1619.0,0.0,2.0,1.0,0.9988,0.9994,
200,A_360_clean,MLII,360.0,False,2601.0,2597.0,2594.0,7.0,3.0,0.9973,0.9988,0.9981,
200,B_89.7_clean,MLII,89.7,False,2601.0,2598.0,2596.0,5.0,2.0,0.9981,0.9992,0.9987,
200,C_89.7_raw,MLII,89.7,False,2601.0,2604.0,2600.0,1.0,4.0,0.9996,0.9985,0.999,
200,D_133.8_clean,MLII,133.83,False,2601.0,2599.0,2596.0,5.0,3.0,0.9981,0.9988,0.9985,
200,E_133.8_raw,MLII,133.83,False,2601.0,2609.0,2598.0,3.0,11.0,0.9988,0.9958,0.9973,
201,A_360_clean,MLII,360.0,False,1963.0,2020.0,1963.0,0.0,57.0,1.0,0.9718,0.9857,
201,B_89.7_clean,MLII,89.7,False,1963.0,2008.0,1963.0,0.0,45.0,1.0,0.9776,0.9887,
201,C_89.7_raw,MLII,89.7,False,1963.0,1991.0,1963.0,0.0,28.0,1.0,0.9859,0.9929,
201,D_133.8_clean,MLII,133.83,False,1963.0,2004.0,1963.0,0.0,41.0,1.0,0.9795,0.9897,
201,E_133.8_raw,MLII,133.83,False,1963.0,1996.0,1963.0,0.0,33.0,1.0,0.9835,0.9917,
202,A_360_clean,MLII,360.0,False,2136.0,2135.0,2135.0,1.0,0.0,0.9995,1.0,0.9998,
202,B_89.7_clean,MLII,89.7,False,2136.0,2135.0,2135.0,1.0,0.0,0.9995,1.0,0.9998,
202,C_89.7_raw,MLII,89.7,False,2136.0,2137.0,2135.0,1.0,2.0,0.9995,0.9991,0.9993,
202,D_133.8_clean,MLII,133.83,False,2136.0,2135.0,2135.0,1.0,0.0,0.9995,1.0,0.9998,
202,E_133.8_raw,MLII,133.83,False,2136.0,2137.0,2135.0,1.0,2.0,0.9995,0.9991,0.9993,
203,A_360_clean,MLII,360.0,False,2980.0,2769.0,2739.0,241.0,30.0,0.9191,0.9892,0.9529,
203,B_89.7_clean,MLII,89.7,False,2980.0,2735.0,2696.0,284.0,39.0,0.9047,0.9857,0.9435,
203,C_89.7_raw,MLII,89.7,False,2980.0,2794.0,2769.0,211.0,25.0,0.9292,0.9911,0.9591,
203,D_133.8_clean,MLII,133.83,False,2980.0,2800.0,2771.0,209.0,29.0,0.9299,0.9896,0.9588,
203,E_133.8_raw,MLII,133.83,False,2980.0,2838.0,2818.0,162.0,20.0,0.9456,0.993,0.9687,
205,A_360_clean,MLII,360.0,False,2656.0,2624.0,2624.0,32.0,0.0,0.988,1.0,0.9939,
205,B_89.7_clean,MLII,89.7,False,2656.0,2623.0,2623.0,33.0,0.0,0.9876,1.0,0.9937,
205,C_89.7_raw,MLII,89.7,False,2656.0,2627.0,2627.0,29.0,0.0,0.9891,1.0,0.9945,
205,D_133.8_clean,MLII,133.83,False,2656.0,2628.0,2628.0,28.0,0.0,0.9895,1.0,0.9947,
205,E_133.8_raw,MLII,133.83,False,2656.0,2630.0,2630.0,26.0,0.0,0.9902,1.0,0.9951,
207,A_360_clean,MLII,360.0,False,1860.0,1387.0,1340.0,520.0,47.0,0.7204,0.9661,0.8254,
207,B_89.7_clean,MLII,89.7,False,1860.0,1396.0,1359.0,501.0,37.0,0.7306,0.9735,0.8348,
207,C_89.7_raw,MLII,89.7,False,1860.0,1545.0,1494.0,366.0,51.0,0.8032,0.967,0.8775,
207,D_133.8_clean,MLII,133.83,False,1860.0,1469.0,1419.0,441.0,50.0,0.7629,0.966,0.8525,
207,E_133.8_raw,MLII,133.83,False,1860.0,1554.0,1475.0,385.0,79.0,0.793,0.9492,0.8641,
208,A_360_clean,MLII,360.0,False,2955.0,2949.0,2945.0,10.0,4.0,0.9966,0.9986,0.9976,
208,B_89.7_clean,MLII,89.7,False,2955.0,2947.0,2943.0,12.0,4.0,0.9959,0.9986,0.9973,
208,C_89.7_raw,MLII,89.7,False,2955.0,2947.0,2944.0,11.0,3.0,0.9963,0.999,0.9976,
208,D_133.8_clean,MLII,133.83,False,2955.0,2948.0,2945.0,10.0,3.0,0.9966,0.999,0.9978,
208,E_133.8_raw,MLII,133.83,False,2955.0,2947.0,2944.0,11.0,3.0,0.9963,0.999,0.9976,
209,A_360_clean,MLII,360.0,False,3005.0,3005.0,3005.0,0.0,0.0,1.0,1.0,1.0,
209,B_89.7_clean,MLII,89.7,False,3005.0,3005.0,3005.0,0.0,0.0,1.0,1.0,1.0,
209,C_89.7_raw,MLII,89.7,False,3005.0,3005.0,3005.0,0.0,0.0,1.0,1.0,1.0,
209,D_133.8_clean,MLII,133.83,False,3005.0,3005.0,3005.0,0.0,0.0,1.0,1.0,1.0,
209,E_133.8_raw,MLII,133.83,False,3005.0,3005.0,3005.0,0.0,0.0,1.0,1.0,1.0,
210,A_360_clean,MLII,360.0,False,2650.0,2551.0,2549.0,101.0,2.0,0.9619,0.9992,0.9802,
210,B_89.7_clean,MLII,89.7,False,2650.0,2545.0,2544.0,106.0,1.0,0.96,0.9996,0.9794,
210,C_89.7_raw,MLII,89.7,False,2650.0,2599.0,2597.0,53.0,2.0,0.98,0.9992,0.9895,
210,D_133.8_clean,MLII,133.83,False,2650.0,2566.0,2564.0,86.0,2.0,0.9675,0.9992,0.9831,
210,E_133.8_raw,MLII,133.83,False,2650.0,2611.0,2609.0,41.0,2.0,0.9845,0.9992,0.9918,
212,A_360_clean,MLII,360.0,False,2748.0,2748.0,2748.0,0.0,0.0,1.0,1.0,1.0,
212,B_89.7_clean,MLII,89.7,False,2748.0,2748.0,2748.0,0.0,0.0,1.0,1.0,1.0,
212,C_89.7_raw,MLII,89.7,False,2748.0,2748.0,2748.0,0.0,0.0,1.0,1.0,1.0,
212,D_133.8_clean,MLII,133.83,False,2748.0,2748.0,2748.0,0.0,0.0,1.0,1.0,1.0,
212,E_133.8_raw,MLII,133.83,False,2748.0,2748.0,2748.0,0.0,0.0,1.0,1.0,1.0,
213,A_360_clean,MLII,360.0,False,3251.0,3244.0,3244.0,7.0,0.0,0.9978,1.0,0.9989,
213,B_89.7_clean,MLII,89.7,False,3251.0,3244.0,3244.0,7.0,0.0,0.9978,1.0,0.9989,
213,C_89.7_raw,MLII,89.7,False,3251.0,3246.0,3246.0,5.0,0.0,0.9985,1.0,0.9992,
213,D_133.8_clean,MLII,133.83,False,3251.0,3245.0,3245.0,6.0,0.0,0.9982,1.0,0.9991,
213,E_133.8_raw,MLII,133.83,False,3251.0,3247.0,3247.0,4.0,0.0,0.9988,1.0,0.9994,
214,A_360_clean,MLII,360.0,False,2262.0,2259.0,2257.0,5.0,2.0,0.9978,0.9991,0.9985,
214,B_89.7_clean,MLII,89.7,False,2262.0,2257.0,2256.0,6.0,1.0,0.9973,0.9996,0.9985,
214,C_89.7_raw,MLII,89.7,False,2262.0,2259.0,2257.0,5.0,2.0,0.9978,0.9991,0.9985,
214,D_133.8_clean,MLII,133.83,False,2262.0,2259.0,2257.0,5.0,2.0,0.9978,0.9991,0.9985,
214,E_133.8_raw,MLII,133.83,False,2262.0,2260.0,2257.0,5.0,3.0,0.9978,0.9987,0.9982,
215,A_360_clean,MLII,360.0,False,3363.0,3359.0,3359.0,4.0,0.0,0.9988,1.0,0.9994,
215,B_89.7_clean,MLII,89.7,False,3363.0,3359.0,3359.0,4.0,0.0,0.9988,1.0,0.9994,
215,C_89.7_raw,MLII,89.7,False,3363.0,3358.0,3358.0,5.0,0.0,0.9985,1.0,0.9993,
215,D_133.8_clean,MLII,133.83,False,3363.0,3360.0,3360.0,3.0,0.0,0.9991,1.0,0.9996,
215,E_133.8_raw,MLII,133.83,False,3363.0,3358.0,3358.0,5.0,0.0,0.9985,1.0,0.9993,
217,A_360_clean,MLII,360.0,True,2208.0,2207.0,2206.0,2.0,1.0,0.9991,0.9995,0.9993,
217,B_89.7_clean,MLII,89.7,True,2208.0,2206.0,2206.0,2.0,0.0,0.9991,1.0,0.9995,
217,C_89.7_raw,MLII,89.7,True,2208.0,2206.0,2206.0,2.0,0.0,0.9991,1.0,0.9995,
217,D_133.8_clean,MLII,133.83,True,2208.0,2206.0,2206.0,2.0,0.0,0.9991,1.0,0.9995,
217,E_133.8_raw,MLII,133.83,True,2208.0,2207.0,2207.0,1.0,0.0,0.9995,1.0,0.9998,
219,A_360_clean,MLII,360.0,False,2154.0,2154.0,2154.0,0.0,0.0,1.0,1.0,1.0,
219,B_89.7_clean,MLII,89.7,False,2154.0,2155.0,2154.0,0.0,1.0,1.0,0.9995,0.9998,
219,C_89.7_raw,MLII,89.7,False,2154.0,2154.0,2154.0,0.0,0.0,1.0,1.0,1.0,
219,D_133.8_clean,MLII,133.83,False,2154.0,2154.0,2154.0,0.0,0.0,1.0,1.0,1.0,
219,E_133.8_raw,MLII,133.83,False,2154.0,2154.0,2154.0,0.0,0.0,1.0,1.0,1.0,
220,A_360_clean,MLII,360.0,False,2048.0,2047.0,2047.0,1.0,0.0,0.9995,1.0,0.9998,
220,B_89.7_clean,MLII,89.7,False,2048.0,2047.0,2047.0,1.0,0.0,0.9995,1.0,0.9998,
220,C_89.7_raw,MLII,89.7,False,2048.0,2047.0,2047.0,1.0,0.0,0.9995,1.0,0.9998,
220,D_133.8_clean,MLII,133.83,False,2048.0,2047.0,2047.0,1.0,0.0,0.9995,1.0,0.9998,
220,E_133.8_raw,MLII,133.83,False,2048.0,2047.0,2047.0,1.0,0.0,0.9995,1.0,0.9998,
221,A_360_clean,MLII,360.0,False,2427.0,2424.0,2419.0,8.0,5.0,0.9967,0.9979,0.9973,
221,B_89.7_clean,MLII,89.7,False,2427.0,2425.0,2420.0,7.0,5.0,0.9971,0.9979,0.9975,
221,C_89.7_raw,MLII,89.7,False,2427.0,2424.0,2420.0,7.0,4.0,0.9971,0.9983,0.9977,
221,D_133.8_clean,MLII,133.83,False,2427.0,2426.0,2423.0,4.0,3.0,0.9984,0.9988,0.9986,
221,E_133.8_raw,MLII,133.83,False,2427.0,2429.0,2425.0,2.0,4.0,0.9992,0.9984,0.9988,
222,A_360_clean,MLII,360.0,False,2483.0,2484.0,2482.0,1.0,2.0,0.9996,0.9992,0.9994,
222,B_89.7_clean,MLII,89.7,False,2483.0,2478.0,2476.0,7.0,2.0,0.9972,0.9992,0.9982,
222,C_89.7_raw,MLII,89.7,False,2483.0,2485.0,2481.0,2.0,4.0,0.9992,0.9984,0.9988,
222,D_133.8_clean,MLII,133.83,False,2483.0,2486.0,2481.0,2.0,5.0,0.9992,0.998,0.9986,
222,E_133.8_raw,MLII,133.83,False,2483.0,2487.0,2482.0,1.0,5.0,0.9996,0.998,0.9988,
223,A_360_clean,MLII,360.0,False,2605.0,2605.0,2605.0,0.0,0.0,1.0,1.0,1.0,
223,B_89.7_clean,MLII,89.7,False,2605.0,2605.0,2605.0,0.0,0.0,1.0,1.0,1.0,
223,C_89.7_raw,MLII,89.7,False,2605.0,2605.0,2605.0,0.0,0.0,1.0,1.0,1.0,
223,D_133.8_clean,MLII,133.83,False,2605.0,2605.0,2605.0,0.0,0.0,1.0,1.0,1.0,
223,E_133.8_raw,MLII,133.83,False,2605.0,2605.0,2605.0,0.0,0.0,1.0,1.0,1.0,
228,A_360_clean,MLII,360.0,False,2053.0,2064.0,2051.0,2.0,13.0,0.999,0.9937,0.9964,
228,B_89.7_clean,MLII,89.7,False,2053.0,2063.0,2051.0,2.0,12.0,0.999,0.9942,0.9966,
228,C_89.7_raw,MLII,89.7,False,2053.0,2065.0,2049.0,4.0,16.0,0.9981,0.9923,0.9951,
228,D_133.8_clean,MLII,133.83,False,2053.0,2064.0,2049.0,4.0,15.0,0.9981,0.9927,0.9954,
228,E_133.8_raw,MLII,133.83,False,2053.0,2063.0,2042.0,11.0,21.0,0.9946,0.9898,0.9922,
230,A_360_clean,MLII,360.0,False,2256.0,2255.0,2255.0,1.0,0.0,0.9996,1.0,0.9998,
230,B_89.7_clean,MLII,89.7,False,2256.0,2255.0,2255.0,1.0,0.0,0.9996,1.0,0.9998,
230,C_89.7_raw,MLII,89.7,False,2256.0,2255.0,2255.0,1.0,0.0,0.9996,1.0,0.9998,
230,D_133.8_clean,MLII,133.83,False,2256.0,2255.0,2255.0,1.0,0.0,0.9996,1.0,0.9998,
230,E_133.8_raw,MLII,133.83,False,2256.0,2256.0,2255.0,1.0,1.0,0.9996,0.9996,0.9996,
231,A_360_clean,MLII,360.0,False,1571.0,1981.0,1571.0,0.0,410.0,1.0,0.793,0.8846,
231,B_89.7_clean,MLII,89.7,False,1571.0,1985.0,1571.0,0.0,414.0,1.0,0.7914,0.8836,
231,C_89.7_raw,MLII,89.7,False,1571.0,1972.0,1571.0,0.0,401.0,1.0,0.7967,0.8868,
231,D_133.8_clean,MLII,133.83,False,1571.0,1965.0,1571.0,0.0,394.0,1.0,0.7995,0.8886,
231,E_133.8_raw,MLII,133.83,False,1571.0,1927.0,1571.0,0.0,356.0,1.0,0.8153,0.8982,
232,A_360_clean,MLII,360.0,False,1780.0,1844.0,1780.0,0.0,64.0,1.0,0.9653,0.9823,
232,B_89.7_clean,MLII,89.7,False,1780.0,1867.0,1780.0,0.0,87.0,1.0,0.9534,0.9761,
232,C_89.7_raw,MLII,89.7,False,1780.0,1848.0,1780.0,0.0,68.0,1.0,0.9632,0.9813,
232,D_133.8_clean,MLII,133.83,False,1780.0,1848.0,1780.0,0.0,68.0,1.0,0.9632,0.9813,
232,E_133.8_raw,MLII,133.83,False,1780.0,1851.0,1780.0,0.0,71.0,1.0,0.9616,0.9804,
233,A_360_clean,MLII,360.0,False,3079.0,3072.0,3072.0,7.0,0.0,0.9977,1.0,0.9989,
233,B_89.7_clean,MLII,89.7,False,3079.0,3072.0,3072.0,7.0,0.0,0.9977,1.0,0.9989,
233,C_89.7_raw,MLII,89.7,False,3079.0,3072.0,3072.0,7.0,0.0,0.9977,1.0,0.9989,
233,D_133.8_clean,MLII,133.83,False,3079.0,3072.0,3072.0,7.0,0.0,0.9977,1.0,0.9989,
233,E_133.8_raw,MLII,133.83,False,3079.0,3072.0,3072.0,7.0,0.0,0.9977,1.0,0.9989,
234,A_360_clean,MLII,360.0,False,2753.0,2753.0,2753.0,0.0,0.0,1.0,1.0,1.0,
234,B_89.7_clean,MLII,89.7,False,2753.0,2753.0,2753.0,0.0,0.0,1.0,1.0,1.0,
234,C_89.7_raw,MLII,89.7,False,2753.0,2753.0,2753.0,0.0,0.0,1.0,1.0,1.0,
234,D_133.8_clean,MLII,133.83,False,2753.0,2753.0,2753.0,0.0,0.0,1.0,1.0,1.0,
234,E_133.8_raw,MLII,133.83,False,2753.0,2753.0,2753.0,0.0,0.0,1.0,1.0,1.0,
