db,record,lead,label,rr_cv,s_frac
svdb,800,ECG1 (UNVERIFIED),REGULAR,0.06544396538813912,0.0
svdb,800,ECG1 (UNVERIFIED),REGULAR,0.13532072573753218,0.0
svdb,800,ECG1 (UNVERIFIED),REGULAR,0.08313905147216577,0.0
svdb,800,ECG1 (UNVERIFIED),REGULAR,0.015746658216773055,0.0
svdb,800,ECG1 (UNVERIFIED),REGULAR,0.03562277127294839,0.0
svdb,800,ECG1 (UNVERIFIED),REGULAR,0.034991844273716266,0.0
svdb,800,ECG1 (UNVERIFIED),REGULAR,0.040129101986335805,0.0
svdb,800,ECG1 (UNVERIFIED),REGULAR,0.17952732496302046,0.0
svdb,800,ECG1 (UNVERIFIED),REGULAR,0.037465210428287175,0.0
svdb,800,ECG1 (UNVERIFIED),REGULAR,0.07420128520946312,0.0
svdb,800,ECG1 (UNVERIFIED),REGULAR,0.05074663340898199,0.0
svdb,800,ECG1 (UNVERIFIED),REGULAR,0.06433727743123073,0.0
svdb,800,ECG1 (UNVERIFIED),REGULAR,0.10703781999074605,0.0
svdb,801,ECG1 (UNVERIFIED),REGULAR,0.059659659964539785,0.0
svdb,801,ECG1 (UNVERIFIED),REGULAR,0.038750803008799815,0.0
svdb,801,ECG1 (UNVERIFIED),REGULAR,0.022644006392470335,0.0
svdb,801,ECG1 (UNVERIFIED),IRREGULAR,0.09681059023704162,0.109375
svdb,801,ECG1 (UNVERIFIED),REGULAR,0.030970834913193173,0.0
svdb,801,ECG1 (UNVERIFIED),REGULAR,0.019915151927209364,0.0
svdb,801,ECG1 (UNVERIFIED),REGULAR,0.02112000287679219,0.0
svdb,801,ECG1 (UNVERIFIED),REGULAR,0.03230135170231913,0.0
svdb,801,ECG1 (UNVERIFIED),REGULAR,0.026144742930434343,0.0
svdb,801,ECG1 (UNVERIFIED),REGULAR,0.01578758391043905,0.0
svdb,801,ECG1 (UNVERIFIED),REGULAR,0.016969108218136776,0.0
svdb,801,ECG1 (UNVERIFIED),REGULAR,0.017611116406373608,0.0
svdb,801,ECG1 (UNVERIFIED),REGULAR,0.013221800689510354,0.0
svdb,801,ECG1 (UNVERIFIED),REGULAR,0.01836903736121307,0.0
svdb,801,ECG1 (UNVERIFIED),REGULAR,0.015150183790648407,0.0
svdb,801,ECG1 (UNVERIFIED),REGULAR,0.015402200207046454,0.0
svdb,801,ECG1 (UNVERIFIED),REGULAR,0.023821455105620212,0.0
svdb,802,ECG1 (UNVERIFIED),REGULAR,0.0736546858084956,0.0
svdb,802,ECG1 (UNVERIFIED),REGULAR,0.07367282769396778,0.0
svdb,802,ECG1 (UNVERIFIED),REGULAR,0.02464559689085407,0.0
svdb,802,ECG1 (UNVERIFIED),REGULAR,0.04463075036757497,0.0
svdb,802,ECG1 (UNVERIFIED),REGULAR,0.04015856146260476,0.0
svdb,802,ECG1 (UNVERIFIED),REGULAR,0.0653491280815372,0.0
svdb,802,ECG1 (UNVERIFIED),REGULAR,0.09428900713077136,0.0
svdb,802,ECG1 (UNVERIFIED),REGULAR,0.032961100495528785,0.0
svdb,802,ECG1 (UNVERIFIED),REGULAR,0.030300901403084213,0.0
svdb,802,ECG1 (UNVERIFIED),REGULAR,0.03775209983932049,0.0
svdb,802,ECG1 (UNVERIFIED),REGULAR,0.067830909311789,0.0
svdb,802,ECG1 (UNVERIFIED),REGULAR,0.08641963343030357,0.0
svdb,802,ECG1 (UNVERIFIED),REGULAR,0.05397123311085954,0.0
svdb,802,ECG1 (UNVERIFIED),REGULAR,0.056005586260809696,0.0
svdb,802,ECG1 (UNVERIFIED),REGULAR,0.06384708094814835,0.0
svdb,802,ECG1 (UNVERIFIED),REGULAR,0.10542217228746294,0.0
svdb,802,ECG1 (UNVERIFIED),REGULAR,0.10687447165739583,0.0
svdb,802,ECG1 (UNVERIFIED),REGULAR,0.09656997844412155,0.0
svdb,802,ECG1 (UNVERIFIED),REGULAR,0.09478496139350853,0.0
svdb,803,ECG1 (UNVERIFIED),REGULAR,0.04354578668019839,0.0
svdb,804,ECG1 (UNVERIFIED),REGULAR,0.14736124636718897,0.0
svdb,804,ECG1 (UNVERIFIED),REGULAR,0.16614730189585997,0.0
svdb,804,ECG1 (UNVERIFIED),REGULAR,0.1309984538285822,0.0
svdb,804,ECG1 (UNVERIFIED),REGULAR,0.1836720085952971,0.0
svdb,804,ECG1 (UNVERIFIED),REGULAR,0.14843064646191714,0.0
svdb,804,ECG1 (UNVERIFIED),REGULAR,0.13719620560300053,0.0
svdb,804,ECG1 (UNVERIFIED),REGULAR,0.14727327101145504,0.0
svdb,804,ECG1 (UNVERIFIED),REGULAR,0.13293949561034318,0.0
svdb,804,ECG1 (UNVERIFIED),REGULAR,0.12544878178991564,0.0
svdb,804,ECG1 (UNVERIFIED),REGULAR,0.14079614887661643,0.0
svdb,804,ECG1 (UNVERIFIED),REGULAR,0.14284002140005486,0.0
svdb,804,ECG1 (UNVERIFIED),REGULAR,0.14076428629223345,0.0
svdb,804,ECG1 (UNVERIFIED),REGULAR,0.15661827060576358,0.0
svdb,804,ECG1 (UNVERIFIED),REGULAR,0.12836758614950783,0.0
svdb,804,ECG1 (UNVERIFIED),REGULAR,0.15252345060485328,0.0
svdb,805,ECG1 (UNVERIFIED),REGULAR,0.08054654483659614,0.0
svdb,806,ECG1 (UNVERIFIED),REGULAR,0.015304007854219568,0.0
svdb,806,ECG1 (UNVERIFIED),REGULAR,0.012026852650645905,0.0
svdb,806,ECG1 (UNVERIFIED),REGULAR,0.029619486244057018,0.0
svdb,806,ECG1 (UNVERIFIED),REGULAR,0.041317608116837705,0.0
svdb,806,ECG1 (UNVERIFIED),REGULAR,0.03539668747729583,0.0
svdb,806,ECG1 (UNVERIFIED),REGULAR,0.016294248626714955,0.0
svdb,806,ECG1 (UNVERIFIED),REGULAR,0.024516955442863073,0.0
svdb,806,ECG1 (UNVERIFIED),REGULAR,0.019347831728423324,0.0
svdb,806,ECG1 (UNVERIFIED),REGULAR,0.017073172887282773,0.0
svdb,806,ECG1 (UNVERIFIED),REGULAR,0.04137805859387363,0.0
svdb,806,ECG1 (UNVERIFIED),REGULAR,0.04016231852964966,0.0
svdb,806,ECG1 (UNVERIFIED),REGULAR,0.02333458190499354,0.0
svdb,806,ECG1 (UNVERIFIED),REGULAR,0.03221007764669337,0.0
svdb,806,ECG1 (UNVERIFIED),REGULAR,0.03520666789321302,0.0
svdb,806,ECG1 (UNVERIFIED),REGULAR,0.035558491759464385,0.0
svdb,806,ECG1 (UNVERIFIED),REGULAR,0.013080957661180403,0.0
svdb,806,ECG1 (UNVERIFIED),IRREGULAR,0.07009510439241126,0.109375
svdb,806,ECG1 (UNVERIFIED),IRREGULAR,0.09450261243680576,0.125
svdb,806,ECG1 (UNVERIFIED),REGULAR,0.013579274107790465,0.0
svdb,806,ECG1 (UNVERIFIED),REGULAR,0.019944972196584098,0.0
svdb,806,ECG1 (UNVERIFIED),REGULAR,0.039694591574079285,0.0
svdb,806,ECG1 (UNVERIFIED),REGULAR,0.01710471063356094,0.0
svdb,806,ECG1 (UNVERIFIED),REGULAR,0.04871487851114895,0.0
svdb,806,ECG1 (UNVERIFIED),REGULAR,0.017917881633415306,0.0
svdb,806,ECG1 (UNVERIFIED),REGULAR,0.0364783987541888,0.0
svdb,807,ECG1 (UNVERIFIED),REGULAR,0.034345049196933895,0.0
svdb,807,ECG1 (UNVERIFIED),REGULAR,0.014587498767769665,0.0
svdb,807,ECG1 (UNVERIFIED),REGULAR,0.02098064457534742,0.0
svdb,807,ECG1 (UNVERIFIED),REGULAR,0.026096753190442412,0.0
svdb,807,ECG1 (UNVERIFIED),REGULAR,0.03302391148165146,0.0
svdb,807,ECG1 (UNVERIFIED),REGULAR,0.012733126109699908,0.0
svdb,807,ECG1 (UNVERIFIED),REGULAR,0.023538257843449647,0.0
svdb,807,ECG1 (UNVERIFIED),REGULAR,0.03828708276435234,0.0
svdb,807,ECG1 (UNVERIFIED),REGULAR,0.028228435656324904,0.0
svdb,807,ECG1 (UNVERIFIED),REGULAR,0.025511684051838495,0.0
svdb,807,ECG1 (UNVERIFIED),REGULAR,0.0331304679130845,0.0
svdb,807,ECG1 (UNVERIFIED),REGULAR,0.031704572074768386,0.0
svdb,807,ECG1 (UNVERIFIED),REGULAR,0.03819098876355365,0.0
svdb,807,ECG1 (UNVERIFIED),REGULAR,0.022327328934642728,0.0
svdb,807,ECG1 (UNVERIFIED),REGULAR,0.035936208267380136,0.0
svdb,808,ECG1 (UNVERIFIED),REGULAR,0.03249366031240849,0.0
svdb,808,ECG1 (UNVERIFIED),REGULAR,0.03168899567512328,0.0
svdb,808,ECG1 (UNVERIFIED),REGULAR,0.03549783991220625,0.0
svdb,808,ECG1 (UNVERIFIED),REGULAR,0.029725460567011554,0.0
svdb,808,ECG1 (UNVERIFIED),REGULAR,0.018874485739671914,0.0
svdb,808,ECG1 (UNVERIFIED),REGULAR,0.015029208071907415,0.0
svdb,808,ECG1 (UNVERIFIED),REGULAR,0.018052505677551425,0.0
svdb,808,ECG1 (UNVERIFIED),REGULAR,0.016737427681053046,0.0
svdb,808,ECG1 (UNVERIFIED),REGULAR,0.0260336664264715,0.0
svdb,808,ECG1 (UNVERIFIED),REGULAR,0.028791594935921067,0.0
svdb,808,ECG1 (UNVERIFIED),REGULAR,0.032886522854809704,0.0
svdb,808,ECG1 (UNVERIFIED),REGULAR,0.017189056056756222,0.0
svdb,808,ECG1 (UNVERIFIED),REGULAR,0.07191521793214449,0.0
svdb,808,ECG1 (UNVERIFIED),IRREGULAR,0.19679395496599386,0.234375
svdb,808,ECG1 (UNVERIFIED),REGULAR,0.015570994283214538,0.0
svdb,808,ECG1 (UNVERIFIED),REGULAR,0.043342414644581585,0.0
svdb,808,ECG1 (UNVERIFIED),REGULAR,0.01594005209861487,0.0
svdb,808,ECG1 (UNVERIFIED),REGULAR,0.015247036936950786,0.0
svdb,808,ECG1 (UNVERIFIED),REGULAR,0.016698687305386147,0.0
svdb,808,ECG1 (UNVERIFIED),REGULAR,0.019523349275667158,0.0
svdb,808,ECG1 (UNVERIFIED),REGULAR,0.0952067500385788,0.0
svdb,808,ECG1 (UNVERIFIED),REGULAR,0.028019419046392654,0.0
svdb,808,ECG1 (UNVERIFIED),REGULAR,0.06696063996062793,0.0
svdb,808,ECG1 (UNVERIFIED),REGULAR,0.02401357970486733,0.0
svdb,809,ECG1 (UNVERIFIED),REGULAR,0.042283126011744734,0.0
svdb,809,ECG1 (UNVERIFIED),REGULAR,0.03345297881642767,0.0
svdb,809,ECG1 (UNVERIFIED),REGULAR,0.01891236936880853,0.0
svdb,809,ECG1 (UNVERIFIED),REGULAR,0.04922355045514936,0.0
svdb,809,ECG1 (UNVERIFIED),REGULAR,0.02935876440577988,0.0
svdb,809,ECG1 (UNVERIFIED),REGULAR,0.037717113425621306,0.0
svdb,809,ECG1 (UNVERIFIED),REGULAR,0.019763156129333853,0.0
svdb,809,ECG1 (UNVERIFIED),REGULAR,0.0431946046620454,0.0
svdb,809,ECG1 (UNVERIFIED),REGULAR,0.017532551493557355,0.0
svdb,809,ECG1 (UNVERIFIED),REGULAR,0.04827511911287924,0.0
svdb,809,ECG1 (UNVERIFIED),REGULAR,0.0398825799321557,0.0
svdb,809,ECG1 (UNVERIFIED),REGULAR,0.04107910358537234,0.0
svdb,809,ECG1 (UNVERIFIED),REGULAR,0.021413015237627474,0.0
svdb,809,ECG1 (UNVERIFIED),REGULAR,0.0144597856367633,0.0
svdb,809,ECG1 (UNVERIFIED),REGULAR,0.041470534301289635,0.0
svdb,809,ECG1 (UNVERIFIED),REGULAR,0.02113751782184562,0.0
svdb,809,ECG1 (UNVERIFIED),REGULAR,0.02060104660732108,0.0
svdb,809,ECG1 (UNVERIFIED),REGULAR,0.018781295838859676,0.0
svdb,809,ECG1 (UNVERIFIED),REGULAR,0.022948318186737943,0.0
svdb,809,ECG1 (UNVERIFIED),REGULAR,0.059978889243731195,0.0
svdb,809,ECG1 (UNVERIFIED),IRREGULAR,0.17080070688165497,0.578125
svdb,809,ECG1 (UNVERIFIED),IRREGULAR,0.07469299676076568,1.0
svdb,809,ECG1 (UNVERIFIED),REGULAR,0.03328821748756695,0.0
svdb,809,ECG1 (UNVERIFIED),REGULAR,0.030555377073882086,0.0
svdb,809,ECG1 (UNVERIFIED),REGULAR,0.052542100111910114,0.0
svdb,809,ECG1 (UNVERIFIED),REGULAR,0.04261298196987614,0.0
svdb,809,ECG1 (UNVERIFIED),REGULAR,0.04035968773440885,0.0
svdb,809,ECG1 (UNVERIFIED),REGULAR,0.029861073698809953,0.0
svdb,809,ECG1 (UNVERIFIED),REGULAR,0.023664731010363625,0.0
svdb,809,ECG1 (UNVERIFIED),REGULAR,0.027926527082517628,0.0
svdb,809,ECG1 (UNVERIFIED),REGULAR,0.06334895956946186,0.0
svdb,809,ECG1 (UNVERIFIED),REGULAR,0.07896886718397918,0.0
svdb,809,ECG1 (UNVERIFIED),REGULAR,0.08355451885955134,0.0
svdb,809,ECG1 (UNVERIFIED),REGULAR,0.03364699456427987,0.0
svdb,809,ECG1 (UNVERIFIED),REGULAR,0.045413643044450204,0.0
svdb,809,ECG1 (UNVERIFIED),REGULAR,0.0620195724192292,0.0
svdb,810,ECG1 (UNVERIFIED),REGULAR,0.08778671433994917,0.0
svdb,810,ECG1 (UNVERIFIED),REGULAR,0.08380434169818757,0.0
svdb,810,ECG1 (UNVERIFIED),REGULAR,0.08484410192988659,0.0
svdb,810,ECG1 (UNVERIFIED),REGULAR,0.034383173169044344,0.0
svdb,810,ECG1 (UNVERIFIED),REGULAR,0.08756535577645363,0.0
svdb,810,ECG1 (UNVERIFIED),REGULAR,0.045642514672809026,0.0
svdb,810,ECG1 (UNVERIFIED),REGULAR,0.0817114653170528,0.0
svdb,810,ECG1 (UNVERIFIED),REGULAR,0.07789706158574838,0.0
svdb,810,ECG1 (UNVERIFIED),REGULAR,0.021073379002070194,0.0
svdb,810,ECG1 (UNVERIFIED),REGULAR,0.0835685254949686,0.0
svdb,810,ECG1 (UNVERIFIED),REGULAR,0.12042474472595556,0.0
svdb,810,ECG1 (UNVERIFIED),REGULAR,0.09047261008559032,0.0
svdb,810,ECG1 (UNVERIFIED),REGULAR,0.10884791855956287,0.0
svdb,810,ECG1 (UNVERIFIED),REGULAR,0.13203232696068495,0.0
svdb,810,ECG1 (UNVERIFIED),IRREGULAR,0.20283794019388968,0.125
svdb,810,ECG1 (UNVERIFIED),REGULAR,0.08996683398834876,0.0
svdb,811,ECG1 (UNVERIFIED),REGULAR,0.029683079018667468,0.0
svdb,811,ECG1 (UNVERIFIED),REGULAR,0.06002540093447217,0.0
svdb,811,ECG1 (UNVERIFIED),REGULAR,0.03163600128107371,0.0
svdb,811,ECG1 (UNVERIFIED),REGULAR,0.03951739852654816,0.0
svdb,811,ECG1 (UNVERIFIED),REGULAR,0.039489256078737836,0.0
svdb,811,ECG1 (UNVERIFIED),REGULAR,0.042335423412702806,0.0
svdb,811,ECG1 (UNVERIFIED),REGULAR,0.06489983162930976,0.0
svdb,811,ECG1 (UNVERIFIED),REGULAR,0.0667070989950989,0.0
svdb,811,ECG1 (UNVERIFIED),REGULAR,0.051638975014385045,0.0
svdb,811,ECG1 (UNVERIFIED),REGULAR,0.04478222454660768,0.0
svdb,811,ECG1 (UNVERIFIED),REGULAR,0.06260392788055451,0.0
svdb,811,ECG1 (UNVERIFIED),REGULAR,0.034747215087686065,0.0
svdb,811,ECG1 (UNVERIFIED),REGULAR,0.06587935507044618,0.0
svdb,811,ECG1 (UNVERIFIED),REGULAR,0.0420686390934585,0.0
svdb,811,ECG1 (UNVERIFIED),REGULAR,0.04475053587551402,0.0
svdb,811,ECG1 (UNVERIFIED),REGULAR,0.1640765383287765,0.0
svdb,811,ECG1 (UNVERIFIED),REGULAR,0.22778132720722147,0.0
svdb,811,ECG1 (UNVERIFIED),REGULAR,0.19322532858223918,0.0
svdb,812,ECG1 (UNVERIFIED),REGULAR,0.07762314458620959,0.0
svdb,812,ECG1 (UNVERIFIED),REGULAR,0.014965160131107904,0.0
svdb,812,ECG1 (UNVERIFIED),REGULAR,0.025581244786924515,0.0
svdb,812,ECG1 (UNVERIFIED),REGULAR,0.016890095722572183,0.0
svdb,812,ECG1 (UNVERIFIED),REGULAR,0.023534517900293015,0.0
svdb,812,ECG1 (UNVERIFIED),REGULAR,0.026994891076857347,0.0
svdb,812,ECG1 (UNVERIFIED),REGULAR,0.07699329585035378,0.0
svdb,812,ECG1 (UNVERIFIED),REGULAR,0.023353001292134766,0.0
svdb,812,ECG1 (UNVERIFIED),REGULAR,0.0904047764679813,0.0
svdb,812,ECG1 (UNVERIFIED),REGULAR,0.014529420593850241,0.0
svdb,812,ECG1 (UNVERIFIED),REGULAR,0.02090746269801417,0.0
svdb,812,ECG1 (UNVERIFIED),REGULAR,0.02595343622604359,0.0
svdb,812,ECG1 (UNVERIFIED),REGULAR,0.017297045122731423,0.0
svdb,812,ECG1 (UNVERIFIED),REGULAR,0.017419328830768837,0.0
svdb,812,ECG1 (UNVERIFIED),REGULAR,0.020394939348266417,0.0
svdb,812,ECG1 (UNVERIFIED),REGULAR,0.017805112324502617,0.0
svdb,820,ECG1 (UNVERIFIED),IRREGULAR,0.130219979430807,0.125
svdb,821,ECG1 (UNVERIFIED),IRREGULAR,0.10887877183267598,0.140625
svdb,821,ECG1 (UNVERIFIED),IRREGULAR,0.11071492815147106,0.15625
svdb,821,ECG1 (UNVERIFIED),IRREGULAR,0.12509799563852952,0.15625
svdb,821,ECG1 (UNVERIFIED),IRREGULAR,0.1401008894578423,0.21875
svdb,821,ECG1 (UNVERIFIED),IRREGULAR,0.1031429636357645,0.140625
svdb,821,ECG1 (UNVERIFIED),IRREGULAR,0.11547455379272889,0.15625
svdb,821,ECG1 (UNVERIFIED),IRREGULAR,0.11265835006565429,0.1875
svdb,821,ECG1 (UNVERIFIED),IRREGULAR,0.12799365722286507,0.203125
svdb,821,ECG1 (UNVERIFIED),IRREGULAR,0.11912259760127983,0.140625
svdb,821,ECG1 (UNVERIFIED),IRREGULAR,0.15387218809276135,0.25
svdb,821,ECG1 (UNVERIFIED),IRREGULAR,0.13615275849299835,0.203125
svdb,821,ECG1 (UNVERIFIED),IRREGULAR,0.116674305281043,0.1875
svdb,821,ECG1 (UNVERIFIED),IRREGULAR,0.11658896451898884,0.21875
svdb,821,ECG1 (UNVERIFIED),IRREGULAR,0.11478554912048643,0.109375
svdb,821,ECG1 (UNVERIFIED),IRREGULAR,0.1388914352247843,0.234375
svdb,821,ECG1 (UNVERIFIED),IRREGULAR,0.10111366596935156,0.140625
svdb,821,ECG1 (UNVERIFIED),IRREGULAR,0.12689333171389486,0.171875
svdb,821,ECG1 (UNVERIFIED),IRREGULAR,0.1480682282971832,0.234375
svdb,821,ECG1 (UNVERIFIED),IRREGULAR,0.12580002920088426,0.15625
svdb,821,ECG1 (UNVERIFIED),IRREGULAR,0.11011727614587116,0.1875
svdb,821,ECG1 (UNVERIFIED),IRREGULAR,0.10567654949314471,0.15625
svdb,821,ECG1 (UNVERIFIED),IRREGULAR,0.12504774020377027,0.140625
svdb,821,ECG1 (UNVERIFIED),IRREGULAR,0.11602492732251814,0.1875
svdb,821,ECG1 (UNVERIFIED),IRREGULAR,0.12139451206607337,0.1875
svdb,821,ECG1 (UNVERIFIED),IRREGULAR,0.11119592820845803,0.15625
svdb,821,ECG1 (UNVERIFIED),IRREGULAR,0.1201683310672135,0.15625
svdb,821,ECG1 (UNVERIFIED),IRREGULAR,0.11417858173490006,0.140625
svdb,821,ECG1 (UNVERIFIED),IRREGULAR,0.10278792207320157,0.15625
svdb,821,ECG1 (UNVERIFIED),IRREGULAR,0.12012565553316727,0.15625
svdb,821,ECG1 (UNVERIFIED),IRREGULAR,0.151691767748095,0.234375
svdb,821,ECG1 (UNVERIFIED),IRREGULAR,0.13191209095138734,0.1875
svdb,821,ECG1 (UNVERIFIED),IRREGULAR,0.1212082636795652,0.171875
svdb,821,ECG1 (UNVERIFIED),IRREGULAR,0.11659410698780504,0.171875
svdb,821,ECG1 (UNVERIFIED),IRREGULAR,0.1326824669493635,0.21875
svdb,821,ECG1 (UNVERIFIED),IRREGULAR,0.15299016899006648,0.265625
svdb,821,ECG1 (UNVERIFIED),IRREGULAR,0.16388320024359582,0.234375
svdb,821,ECG1 (UNVERIFIED),IRREGULAR,0.15493327403704477,0.234375
svdb,821,ECG1 (UNVERIFIED),IRREGULAR,0.1510781700357699,0.234375
svdb,821,ECG1 (UNVERIFIED),IRREGULAR,0.14281528166768273,0.234375
svdb,821,ECG1 (UNVERIFIED),IRREGULAR,0.1450634907693131,0.203125
svdb,821,ECG1 (UNVERIFIED),IRREGULAR,0.14423973533854653,0.21875
svdb,821,ECG1 (UNVERIFIED),IRREGULAR,0.16378456747606057,0.296875
svdb,822,ECG1 (UNVERIFIED),IRREGULAR,0.08863458004755265,0.46875
svdb,822,ECG1 (UNVERIFIED),IRREGULAR,0.09532044138926112,0.5
svdb,822,ECG1 (UNVERIFIED),IRREGULAR,0.0892831559583649,0.5
svdb,822,ECG1 (UNVERIFIED),IRREGULAR,0.08127527853626632,0.5
svdb,822,ECG1 (UNVERIFIED),IRREGULAR,0.08264181398349435,0.484375
svdb,822,ECG1 (UNVERIFIED),IRREGULAR,0.0868476236863998,0.5
svdb,822,ECG1 (UNVERIFIED),IRREGULAR,0.07534739609059596,0.5
svdb,822,ECG1 (UNVERIFIED),IRREGULAR,0.07086831282877926,0.5
svdb,822,ECG1 (UNVERIFIED),IRREGULAR,0.06743596413534368,0.5
svdb,822,ECG1 (UNVERIFIED),IRREGULAR,0.06573834848184773,0.5
svdb,822,ECG1 (UNVERIFIED),IRREGULAR,0.13893174019714677,0.5
svdb,822,ECG1 (UNVERIFIED),IRREGULAR,0.06200387692958338,0.484375
svdb,822,ECG1 (UNVERIFIED),IRREGULAR,0.07509190801406435,0.390625
svdb,822,ECG1 (UNVERIFIED),REGULAR,0.017617327159482703,0.0
svdb,822,ECG1 (UNVERIFIED),REGULAR,0.018136909245069586,0.0
svdb,822,ECG1 (UNVERIFIED),REGULAR,0.02110343389435417,0.0
svdb,822,ECG1 (UNVERIFIED),REGULAR,0.023636046424236085,0.0
svdb,822,ECG1 (UNVERIFIED),IRREGULAR,0.07106769162063797,0.296875
svdb,822,ECG1 (UNVERIFIED),IRREGULAR,0.07467000724579123,0.421875
svdb,822,ECG1 (UNVERIFIED),IRREGULAR,0.06911859084161856,0.421875
svdb,822,ECG1 (UNVERIFIED),IRREGULAR,0.06449981690383311,0.453125
svdb,822,ECG1 (UNVERIFIED),IRREGULAR,0.06708226557114955,0.4375
svdb,822,ECG1 (UNVERIFIED),IRREGULAR,0.06683771855364087,0.453125
svdb,822,ECG1 (UNVERIFIED),IRREGULAR,0.04465262167439093,0.171875
svdb,822,ECG1 (UNVERIFIED),IRREGULAR,0.057105825584568184,0.234375
svdb,822,ECG1 (UNVERIFIED),REGULAR,0.021784359145471804,0.0
svdb,822,ECG1 (UNVERIFIED),REGULAR,0.018801284095165818,0.0
svdb,822,ECG1 (UNVERIFIED),IRREGULAR,0.05569198961442454,0.203125
svdb,822,ECG1 (UNVERIFIED),IRREGULAR,0.14383580815522387,0.46875
svdb,822,ECG1 (UNVERIFIED),IRREGULAR,0.04086024026792525,0.125
svdb,822,ECG1 (UNVERIFIED),REGULAR,0.025682398626661305,0.0
svdb,823,ECG1 (UNVERIFIED),IRREGULAR,0.11014791630489551,0.15625
svdb,823,ECG1 (UNVERIFIED),IRREGULAR,0.1285605130428397,0.34375
svdb,823,ECG1 (UNVERIFIED),IRREGULAR,0.11817446266131353,0.1875
svdb,823,ECG1 (UNVERIFIED),IRREGULAR,0.13614848932580348,0.25
svdb,823,ECG1 (UNVERIFIED),REGULAR,0.023705941160402068,0.0
svdb,823,ECG1 (UNVERIFIED),REGULAR,0.014264101656963698,0.0
svdb,823,ECG1 (UNVERIFIED),REGULAR,0.021936030366029056,0.0
svdb,823,ECG1 (UNVERIFIED),REGULAR,0.03467901703580508,0.0
svdb,823,ECG1 (UNVERIFIED),REGULAR,0.0276964384775738,0.0
svdb,823,ECG1 (UNVERIFIED),REGULAR,0.022312129852341864,0.0
svdb,823,ECG1 (UNVERIFIED),REGULAR,0.01575291030307381,0.0
svdb,823,ECG1 (UNVERIFIED),IRREGULAR,0.09325313329179064,0.109375
svdb,823,ECG1 (UNVERIFIED),IRREGULAR,0.11576397745293585,0.265625
svdb,823,ECG1 (UNVERIFIED),IRREGULAR,0.11979628959882772,0.234375
svdb,823,ECG1 (UNVERIFIED),IRREGULAR,0.12163541679994785,0.265625
svdb,823,ECG1 (UNVERIFIED),IRREGULAR,0.13089776179208826,0.25
svdb,823,ECG1 (UNVERIFIED),IRREGULAR,0.1186291934634965,0.25
svdb,823,ECG1 (UNVERIFIED),IRREGULAR,0.13385798607989816,0.265625
svdb,823,ECG1 (UNVERIFIED),IRREGULAR,0.12211220799376855,0.140625
svdb,823,ECG1 (UNVERIFIED),IRREGULAR,0.10304297303109504,0.125
svdb,823,ECG1 (UNVERIFIED),IRREGULAR,0.09753326056680758,0.140625
svdb,823,ECG1 (UNVERIFIED),IRREGULAR,0.11009888438618638,0.15625
svdb,823,ECG1 (UNVERIFIED),IRREGULAR,0.1001973037104048,0.15625
svdb,823,ECG1 (UNVERIFIED),IRREGULAR,0.09458109296907809,0.109375
svdb,823,ECG1 (UNVERIFIED),IRREGULAR,0.10724334510596228,0.109375
svdb,823,ECG1 (UNVERIFIED),IRREGULAR,0.12178707817547423,0.203125
svdb,823,ECG1 (UNVERIFIED),IRREGULAR,0.11371583116358272,0.125
svdb,823,ECG1 (UNVERIFIED),IRREGULAR,0.10726480922862992,0.15625
svdb,823,ECG1 (UNVERIFIED),IRREGULAR,0.1205722683498343,0.21875
svdb,823,ECG1 (UNVERIFIED),IRREGULAR,0.10197723576595404,0.15625
svdb,823,ECG1 (UNVERIFIED),IRREGULAR,0.0987016282856758,0.15625
svdb,823,ECG1 (UNVERIFIED),IRREGULAR,0.112093571097191,0.203125
svdb,823,ECG1 (UNVERIFIED),IRREGULAR,0.1372148739861536,0.28125
svdb,824,ECG1 (UNVERIFIED),IRREGULAR,0.11955881901188019,0.125
svdb,824,ECG1 (UNVERIFIED),IRREGULAR,0.10209473592581764,0.125
svdb,824,ECG1 (UNVERIFIED),IRREGULAR,0.11603731833423782,0.140625
svdb,824,ECG1 (UNVERIFIED),IRREGULAR,0.1055391920401596,0.109375
svdb,824,ECG1 (UNVERIFIED),IRREGULAR,0.10692741078277126,0.140625
svdb,824,ECG1 (UNVERIFIED),IRREGULAR,0.13688504354059583,0.140625
svdb,824,ECG1 (UNVERIFIED),IRREGULAR,0.10060014178592035,0.125
svdb,824,ECG1 (UNVERIFIED),IRREGULAR,0.0941580202874458,0.109375
svdb,824,ECG1 (UNVERIFIED),IRREGULAR,0.11911181831667042,0.125
svdb,824,ECG1 (UNVERIFIED),IRREGULAR,0.1104258566513208,0.109375
svdb,824,ECG1 (UNVERIFIED),IRREGULAR,0.1307589605299736,0.171875
svdb,825,ECG1 (UNVERIFIED),IRREGULAR,0.16030015255025865,0.109375
svdb,825,ECG1 (UNVERIFIED),IRREGULAR,0.17806249057333012,0.109375
svdb,825,ECG1 (UNVERIFIED),IRREGULAR,0.15608281434319207,0.109375
svdb,825,ECG1 (UNVERIFIED),IRREGULAR,0.1444515068767726,0.109375
svdb,825,ECG1 (UNVERIFIED),IRREGULAR,0.15026400319393746,0.109375
svdb,825,ECG1 (UNVERIFIED),IRREGULAR,0.16685589610098295,0.125
svdb,825,ECG1 (UNVERIFIED),IRREGULAR,0.15423873375412175,0.109375
svdb,825,ECG1 (UNVERIFIED),REGULAR,0.01245817123886311,0.0
svdb,825,ECG1 (UNVERIFIED),REGULAR,0.017330693879083717,0.0
svdb,825,ECG1 (UNVERIFIED),REGULAR,0.012733951622793416,0.0
svdb,825,ECG1 (UNVERIFIED),REGULAR,0.012230734827203589,0.0
svdb,825,ECG1 (UNVERIFIED),REGULAR,0.012755918762412943,0.0
svdb,825,ECG1 (UNVERIFIED),REGULAR,0.012581962912580853,0.0
svdb,825,ECG1 (UNVERIFIED),REGULAR,0.012873054142666403,0.0
svdb,825,ECG1 (UNVERIFIED),IRREGULAR,0.15242360398957278,0.109375
svdb,826,ECG1 (UNVERIFIED),IRREGULAR,0.14299620634440557,0.125
svdb,826,ECG1 (UNVERIFIED),REGULAR,0.07724734736343115,0.0
svdb,826,ECG1 (UNVERIFIED),REGULAR,0.15442304740300064,0.0
svdb,826,ECG1 (UNVERIFIED),REGULAR,0.15152543282611236,0.0
svdb,826,ECG1 (UNVERIFIED),REGULAR,0.13006424920177487,0.0
svdb,826,ECG1 (UNVERIFIED),REGULAR,0.15651656540263528,0.0
svdb,826,ECG1 (UNVERIFIED),REGULAR,0.17635634647062265,0.0
svdb,826,ECG1 (UNVERIFIED),REGULAR,0.1688490123447804,0.0
svdb,826,ECG1 (UNVERIFIED),REGULAR,0.15925730514652353,0.0
svdb,826,ECG1 (UNVERIFIED),REGULAR,0.11931292728670267,0.0
svdb,826,ECG1 (UNVERIFIED),REGULAR,0.13228428658176536,0.0
svdb,826,ECG1 (UNVERIFIED),REGULAR,0.08590249581473614,0.0
svdb,826,ECG1 (UNVERIFIED),REGULAR,0.08558121557410725,0.0
svdb,826,ECG1 (UNVERIFIED),REGULAR,0.10691744723265312,0.0
svdb,826,ECG1 (UNVERIFIED),REGULAR,0.1315354474717275,0.0
svdb,826,ECG1 (UNVERIFIED),REGULAR,0.11979519091143984,0.0
svdb,826,ECG1 (UNVERIFIED),REGULAR,0.12902001286110842,0.0
svdb,826,ECG1 (UNVERIFIED),REGULAR,0.11537321121742929,0.0
svdb,826,ECG1 (UNVERIFIED),REGULAR,0.14651588585827707,0.0
svdb,826,ECG1 (UNVERIFIED),REGULAR,0.14117680276592443,0.0
svdb,826,ECG1 (UNVERIFIED),REGULAR,0.11801634556603947,0.0
svdb,827,ECG1 (UNVERIFIED),REGULAR,0.04038993217024036,0.0
svdb,827,ECG1 (UNVERIFIED),REGULAR,0.040892672359217085,0.0
svdb,827,ECG1 (UNVERIFIED),REGULAR,0.04545017540227314,0.0
svdb,827,ECG1 (UNVERIFIED),REGULAR,0.05219718076209278,0.0
svdb,827,ECG1 (UNVERIFIED),REGULAR,0.01528455349793172,0.0
svdb,827,ECG1 (UNVERIFIED),REGULAR,0.02311442702610447,0.0
svdb,827,ECG1 (UNVERIFIED),REGULAR,0.016577640582565955,0.0
svdb,827,ECG1 (UNVERIFIED),REGULAR,0.027594651380310177,0.0
svdb,827,ECG1 (UNVERIFIED),REGULAR,0.0380782281321801,0.0
svdb,827,ECG1 (UNVERIFIED),REGULAR,0.018289181174351715,0.0
svdb,827,ECG1 (UNVERIFIED),REGULAR,0.036584182486805596,0.0
svdb,827,ECG1 (UNVERIFIED),REGULAR,0.022340732440440766,0.0
svdb,827,ECG1 (UNVERIFIED),REGULAR,0.03450739997631649,0.0
svdb,827,ECG1 (UNVERIFIED),REGULAR,0.014426890875619675,0.0
svdb,827,ECG1 (UNVERIFIED),REGULAR,0.020374413065281535,0.0
svdb,827,ECG1 (UNVERIFIED),REGULAR,0.021515902016196433,0.0
svdb,827,ECG1 (UNVERIFIED),REGULAR,0.019470065322372648,0.0
svdb,827,ECG1 (UNVERIFIED),REGULAR,0.01634262550248752,0.0
svdb,828,ECG1 (UNVERIFIED),IRREGULAR,0.23393482451135716,0.171875
svdb,828,ECG1 (UNVERIFIED),IRREGULAR,0.2789705494168408,0.234375
svdb,828,ECG1 (UNVERIFIED),IRREGULAR,0.2536791258539782,0.25
svdb,828,ECG1 (UNVERIFIED),IRREGULAR,0.2899436874107268,0.265625
svdb,828,ECG1 (UNVERIFIED),IRREGULAR,0.27340747845115937,0.234375
svdb,828,ECG1 (UNVERIFIED),IRREGULAR,0.2176401585473105,0.15625
svdb,828,ECG1 (UNVERIFIED),IRREGULAR,0.24115228191332025,0.1875
svdb,828,ECG1 (UNVERIFIED),REGULAR,0.0464815741493357,0.0
svdb,828,ECG1 (UNVERIFIED),REGULAR,0.04130162658997022,0.0
svdb,828,ECG1 (UNVERIFIED),REGULAR,0.03298138726529227,0.0
svdb,828,ECG1 (UNVERIFIED),REGULAR,0.026064363412227804,0.0
svdb,828,ECG1 (UNVERIFIED),REGULAR,0.03149459862931516,0.0
svdb,828,ECG1 (UNVERIFIED),IRREGULAR,0.18511783095498105,0.125
svdb,828,ECG1 (UNVERIFIED),REGULAR,0.046514888628879716,0.0
svdb,828,ECG1 (UNVERIFIED),IRREGULAR,0.18110156979774364,0.125
svdb,829,ECG1 (UNVERIFIED),REGULAR,0.061883279326813624,0.0
svdb,829,ECG1 (UNVERIFIED),REGULAR,0.042889994272686714,0.0
svdb,829,ECG1 (UNVERIFIED),IRREGULAR,0.11543271250065527,0.125
svdb,829,ECG1 (UNVERIFIED),REGULAR,0.05693587251897303,0.0
svdb,840,ECG1 (UNVERIFIED),REGULAR,0.04172409817654886,0.0
svdb,840,ECG1 (UNVERIFIED),REGULAR,0.04561996156541151,0.0
svdb,840,ECG1 (UNVERIFIED),REGULAR,0.04236463689123327,0.0
svdb,840,ECG1 (UNVERIFIED),REGULAR,0.057119234455865614,0.0
svdb,840,ECG1 (UNVERIFIED),REGULAR,0.04613420194530864,0.0
svdb,840,ECG1 (UNVERIFIED),REGULAR,0.04459914185075341,0.0
svdb,840,ECG1 (UNVERIFIED),REGULAR,0.06259861756775681,0.0
svdb,840,ECG1 (UNVERIFIED),REGULAR,0.02053400417078429,0.0
svdb,840,ECG1 (UNVERIFIED),REGULAR,0.04125215931367594,0.0
svdb,840,ECG1 (UNVERIFIED),REGULAR,0.03577712638696538,0.0
svdb,840,ECG1 (UNVERIFIED),REGULAR,0.05062984541027498,0.0
svdb,840,ECG1 (UNVERIFIED),REGULAR,0.06465027935008767,0.0
svdb,840,ECG1 (UNVERIFIED),IRREGULAR,0.3187126413061251,0.59375
svdb,840,ECG1 (UNVERIFIED),REGULAR,0.023242777223924916,0.0
svdb,840,ECG1 (UNVERIFIED),REGULAR,0.018501298279201925,0.0
svdb,840,ECG1 (UNVERIFIED),REGULAR,0.038506256334635114,0.0
svdb,840,ECG1 (UNVERIFIED),REGULAR,0.03991616121205701,0.0
svdb,840,ECG1 (UNVERIFIED),REGULAR,0.01886522912270991,0.0
svdb,840,ECG1 (UNVERIFIED),REGULAR,0.038105812889391,0.0
svdb,840,ECG1 (UNVERIFIED),REGULAR,0.06324711422959974,0.0
svdb,840,ECG1 (UNVERIFIED),REGULAR,0.04107055381232666,0.0
svdb,840,ECG1 (UNVERIFIED),REGULAR,0.06251861172466432,0.0
svdb,840,ECG1 (UNVERIFIED),REGULAR,0.08600853884619535,0.0
svdb,840,ECG1 (UNVERIFIED),REGULAR,0.03613158181137276,0.0
svdb,840,ECG1 (UNVERIFIED),REGULAR,0.043697607233514325,0.0
svdb,840,ECG1 (UNVERIFIED),REGULAR,0.06832220961579441,0.0
svdb,840,ECG1 (UNVERIFIED),REGULAR,0.03860853132890082,0.0
svdb,840,ECG1 (UNVERIFIED),REGULAR,0.03538506517099325,0.0
svdb,840,ECG1 (UNVERIFIED),REGULAR,0.03691630093574031,0.0
svdb,840,ECG1 (UNVERIFIED),REGULAR,0.043044119630849406,0.0
svdb,840,ECG1 (UNVERIFIED),REGULAR,0.024426374295070895,0.0
svdb,840,ECG1 (UNVERIFIED),REGULAR,0.04171662338879939,0.0
svdb,840,ECG1 (UNVERIFIED),REGULAR,0.05602473059554456,0.0
svdb,841,ECG1 (UNVERIFIED),REGULAR,0.017536460785797778,0.0
svdb,841,ECG1 (UNVERIFIED),REGULAR,0.015156477686040521,0.0
svdb,841,ECG1 (UNVERIFIED),REGULAR,0.016987431028335546,0.0
svdb,841,ECG1 (UNVERIFIED),REGULAR,0.06791537319737595,0.0
svdb,841,ECG1 (UNVERIFIED),IRREGULAR,0.1629025677796984,0.109375
svdb,841,ECG1 (UNVERIFIED),IRREGULAR,0.34787678212460404,0.40625
svdb,841,ECG1 (UNVERIFIED),IRREGULAR,0.35111821621333783,0.5
svdb,841,ECG1 (UNVERIFIED),REGULAR,0.02981857978748404,0.0
svdb,842,ECG1 (UNVERIFIED),REGULAR,0.02718640588365164,0.0
svdb,842,ECG1 (UNVERIFIED),REGULAR,0.025613773632398848,0.0
svdb,842,ECG1 (UNVERIFIED),REGULAR,0.037104799751826206,0.0
svdb,842,ECG1 (UNVERIFIED),REGULAR,0.038235386231557734,0.0
svdb,842,ECG1 (UNVERIFIED),REGULAR,0.06580567345253455,0.0
svdb,842,ECG1 (UNVERIFIED),REGULAR,0.12472427231826358,0.0
svdb,842,ECG1 (UNVERIFIED),IRREGULAR,0.19331975781871263,0.171875
svdb,842,ECG1 (UNVERIFIED),REGULAR,0.2580005558897483,0.0
svdb,842,ECG1 (UNVERIFIED),REGULAR,0.09835376981008956,0.0
svdb,842,ECG1 (UNVERIFIED),REGULAR,0.03400696456941761,0.0
svdb,842,ECG1 (UNVERIFIED),REGULAR,0.0392612049510974,0.0
svdb,842,ECG1 (UNVERIFIED),REGULAR,0.03111687329785496,0.0
svdb,842,ECG1 (UNVERIFIED),REGULAR,0.025939086250778336,0.0
svdb,842,ECG1 (UNVERIFIED),REGULAR,0.032161010485496404,0.0
svdb,842,ECG1 (UNVERIFIED),REGULAR,0.022105421826206288,0.0
svdb,842,ECG1 (UNVERIFIED),REGULAR,0.028649175218246777,0.0
svdb,842,ECG1 (UNVERIFIED),REGULAR,0.023953941978355958,0.0
svdb,842,ECG1 (UNVERIFIED),REGULAR,0.02751607441943582,0.0
svdb,843,ECG1 (UNVERIFIED),REGULAR,0.06567455206447805,0.0
svdb,843,ECG1 (UNVERIFIED),REGULAR,0.03852388973060762,0.0
svdb,843,ECG1 (UNVERIFIED),REGULAR,0.028788171550453382,0.0
svdb,843,ECG1 (UNVERIFIED),REGULAR,0.024245600880170783,0.0
svdb,843,ECG1 (UNVERIFIED),REGULAR,0.019029391090538753,0.0
svdb,843,ECG1 (UNVERIFIED),REGULAR,0.01145142026118906,0.0
svdb,843,ECG1 (UNVERIFIED),REGULAR,0.014972604823444853,0.0
svdb,843,ECG1 (UNVERIFIED),REGULAR,0.07315657386973061,0.0
svdb,843,ECG1 (UNVERIFIED),REGULAR,0.022060204862711846,0.0
svdb,843,ECG1 (UNVERIFIED),REGULAR,0.017757201326582255,0.0
svdb,843,ECG1 (UNVERIFIED),REGULAR,0.030784160913095167,0.0
svdb,843,ECG1 (UNVERIFIED),REGULAR,0.018222717187551123,0.0
svdb,843,ECG1 (UNVERIFIED),REGULAR,0.016814246304593536,0.0
svdb,843,ECG1 (UNVERIFIED),REGULAR,0.013092722951483908,0.0
svdb,843,ECG1 (UNVERIFIED),REGULAR,0.061082774739199555,0.0
svdb,843,ECG1 (UNVERIFIED),REGULAR,0.02014637514294449,0.0
svdb,843,ECG1 (UNVERIFIED),REGULAR,0.02059852945785701,0.0
svdb,843,ECG1 (UNVERIFIED),REGULAR,0.022004111070341597,0.0
svdb,843,ECG1 (UNVERIFIED),REGULAR,0.023969276236960848,0.0
svdb,843,ECG1 (UNVERIFIED),REGULAR,0.01933670921123752,0.0
svdb,843,ECG1 (UNVERIFIED),REGULAR,0.017594043914838087,0.0
svdb,843,ECG1 (UNVERIFIED),REGULAR,0.02041056937222099,0.0
svdb,843,ECG1 (UNVERIFIED),REGULAR,0.04673180362144517,0.0
svdb,843,ECG1 (UNVERIFIED),REGULAR,0.06218191510891691,0.0
svdb,843,ECG1 (UNVERIFIED),REGULAR,0.02754170179643422,0.0
svdb,843,ECG1 (UNVERIFIED),REGULAR,0.021400507908270375,0.0
svdb,843,ECG1 (UNVERIFIED),REGULAR,0.023008786205778578,0.0
svdb,843,ECG1 (UNVERIFIED),REGULAR,0.07569877972551332,0.0
svdb,843,ECG1 (UNVERIFIED),REGULAR,0.016714206776766424,0.0
svdb,843,ECG1 (UNVERIFIED),REGULAR,0.016201202478448834,0.0
svdb,843,ECG1 (UNVERIFIED),REGULAR,0.08329021627212249,0.0
svdb,843,ECG1 (UNVERIFIED),REGULAR,0.013929516968784118,0.0
svdb,843,ECG1 (UNVERIFIED),REGULAR,0.07156647821380623,0.0
svdb,843,ECG1 (UNVERIFIED),REGULAR,0.017383577713556708,0.0
svdb,843,ECG1 (UNVERIFIED),REGULAR,0.014987177300073392,0.0
svdb,844,ECG1 (UNVERIFIED),REGULAR,0.025971781177817094,0.0
svdb,844,ECG1 (UNVERIFIED),REGULAR,0.022536864199569847,0.0
svdb,844,ECG1 (UNVERIFIED),REGULAR,0.10550564634330366,0.0
svdb,844,ECG1 (UNVERIFIED),IRREGULAR,0.171347152509092,0.109375
svdb,844,ECG1 (UNVERIFIED),REGULAR,0.03988902684517541,0.0
svdb,844,ECG1 (UNVERIFIED),REGULAR,0.05828031681478942,0.0
svdb,844,ECG1 (UNVERIFIED),REGULAR,0.026758931386130187,0.0
svdb,844,ECG1 (UNVERIFIED),REGULAR,0.024608792190803842,0.0
svdb,844,ECG1 (UNVERIFIED),REGULAR,0.019968441711518427,0.0
svdb,844,ECG1 (UNVERIFIED),REGULAR,0.021934171459067172,0.0
svdb,844,ECG1 (UNVERIFIED),REGULAR,0.03185877946398456,0.0
svdb,844,ECG1 (UNVERIFIED),REGULAR,0.035123556304938956,0.0
svdb,844,ECG1 (UNVERIFIED),IRREGULAR,0.3125720178274927,0.1875
svdb,844,ECG1 (UNVERIFIED),REGULAR,0.0786901360669639,0.0
svdb,844,ECG1 (UNVERIFIED),REGULAR,0.028665927904381838,0.0
svdb,844,ECG1 (UNVERIFIED),REGULAR,0.027818857176343328,0.0
svdb,844,ECG1 (UNVERIFIED),REGULAR,0.028104219833786602,0.0
svdb,845,ECG1 (UNVERIFIED),REGULAR,0.058962206089734376,0.0
svdb,845,ECG1 (UNVERIFIED),REGULAR,0.022491877096196426,0.0
svdb,845,ECG1 (UNVERIFIED),REGULAR,0.02396990599616008,0.0
svdb,845,ECG1 (UNVERIFIED),REGULAR,0.024099943658693848,0.0
svdb,845,ECG1 (UNVERIFIED),REGULAR,0.02038957319813267,0.0
svdb,845,ECG1 (UNVERIFIED),REGULAR,0.19824958741118878,0.0
svdb,845,ECG1 (UNVERIFIED),REGULAR,0.19035817766632696,0.0
svdb,845,ECG1 (UNVERIFIED),REGULAR,0.15006076941891577,0.0
svdb,845,ECG1 (UNVERIFIED),REGULAR,0.1486367446080382,0.0
svdb,845,ECG1 (UNVERIFIED),REGULAR,0.19074619170960577,0.0
svdb,845,ECG1 (UNVERIFIED),REGULAR,0.11862218205402081,0.0
svdb,845,ECG1 (UNVERIFIED),REGULAR,0.0217137035727237,0.0
svdb,845,ECG1 (UNVERIFIED),REGULAR,0.022311995155266415,0.0
svdb,845,ECG1 (UNVERIFIED),REGULAR,0.02202862623721779,0.0
svdb,845,ECG1 (UNVERIFIED),REGULAR,0.0217207978539835,0.0
svdb,845,ECG1 (UNVERIFIED),REGULAR,0.02069255225487132,0.0
svdb,845,ECG1 (UNVERIFIED),REGULAR,0.023631878911828115,0.0
svdb,845,ECG1 (UNVERIFIED),REGULAR,0.023281113579629482,0.0
svdb,845,ECG1 (UNVERIFIED),REGULAR,0.021832869500707532,0.0
svdb,845,ECG1 (UNVERIFIED),REGULAR,0.02216608473748927,0.0
svdb,845,ECG1 (UNVERIFIED),REGULAR,0.020881571093420006,0.0
svdb,845,ECG1 (UNVERIFIED),REGULAR,0.02284105950982025,0.0
svdb,845,ECG1 (UNVERIFIED),REGULAR,0.021113452526468523,0.0
svdb,845,ECG1 (UNVERIFIED),REGULAR,0.02183362959249624,0.0
svdb,845,ECG1 (UNVERIFIED),REGULAR,0.02068664745149149,0.0
svdb,845,ECG1 (UNVERIFIED),REGULAR,0.021878868467454748,0.0
svdb,845,ECG1 (UNVERIFIED),REGULAR,0.02504875510317617,0.0
svdb,845,ECG1 (UNVERIFIED),REGULAR,0.023134582184040516,0.0
svdb,845,ECG1 (UNVERIFIED),REGULAR,0.023557162505697386,0.0
svdb,845,ECG1 (UNVERIFIED),REGULAR,0.01848028838249914,0.0
svdb,845,ECG1 (UNVERIFIED),REGULAR,0.02271951599054925,0.0
svdb,845,ECG1 (UNVERIFIED),REGULAR,0.0225462326001908,0.0
svdb,845,ECG1 (UNVERIFIED),REGULAR,0.021619573206977195,0.0
svdb,846,ECG1 (UNVERIFIED),REGULAR,0.09216595840610571,0.0
svdb,846,ECG1 (UNVERIFIED),REGULAR,0.07489745073987636,0.0
svdb,846,ECG1 (UNVERIFIED),REGULAR,0.03995150092332248,0.0
svdb,846,ECG1 (UNVERIFIED),REGULAR,0.023245778943759364,0.0
svdb,846,ECG1 (UNVERIFIED),REGULAR,0.02477368814898522,0.0
svdb,846,ECG1 (UNVERIFIED),REGULAR,0.030701039131573623,0.0
svdb,846,ECG1 (UNVERIFIED),REGULAR,0.021039142750228952,0.0
svdb,846,ECG1 (UNVERIFIED),REGULAR,0.021773862741205057,0.0
svdb,846,ECG1 (UNVERIFIED),REGULAR,0.019095685546611507,0.0
svdb,846,ECG1 (UNVERIFIED),IRREGULAR,0.19051532937610116,0.25
svdb,846,ECG1 (UNVERIFIED),REGULAR,0.031107571959043366,0.0
svdb,846,ECG1 (UNVERIFIED),REGULAR,0.02613366552337737,0.0
svdb,846,ECG1 (UNVERIFIED),REGULAR,0.017503491965625978,0.0
svdb,846,ECG1 (UNVERIFIED),REGULAR,0.019043098251210037,0.0
svdb,846,ECG1 (UNVERIFIED),REGULAR,0.020308984934471423,0.0
svdb,846,ECG1 (UNVERIFIED),REGULAR,0.03584168615449908,0.0
svdb,846,ECG1 (UNVERIFIED),REGULAR,0.03236600955974666,0.0
svdb,846,ECG1 (UNVERIFIED),REGULAR,0.026639332552820052,0.0
svdb,846,ECG1 (UNVERIFIED),REGULAR,0.03861256876608731,0.0
svdb,846,ECG1 (UNVERIFIED),REGULAR,0.03274658050938406,0.0
svdb,846,ECG1 (UNVERIFIED),REGULAR,0.039646655363915914,0.0
svdb,846,ECG1 (UNVERIFIED),REGULAR,0.025719901340543173,0.0
svdb,847,ECG1 (UNVERIFIED),REGULAR,0.02434362957712016,0.0
svdb,847,ECG1 (UNVERIFIED),REGULAR,0.01777292426732698,0.0
svdb,847,ECG1 (UNVERIFIED),IRREGULAR,0.35672416226529136,0.3125
svdb,847,ECG1 (UNVERIFIED),REGULAR,0.0968684493213022,0.0
svdb,847,ECG1 (UNVERIFIED),REGULAR,0.0912671507162961,0.0
svdb,847,ECG1 (UNVERIFIED),REGULAR,0.08958109419735133,0.0
svdb,847,ECG1 (UNVERIFIED),REGULAR,0.09426064424234495,0.0
svdb,847,ECG1 (UNVERIFIED),REGULAR,0.02890965211563131,0.0
svdb,848,ECG1 (UNVERIFIED),REGULAR,0.028002087978965466,0.0
svdb,848,ECG1 (UNVERIFIED),REGULAR,0.041579074756635505,0.0
svdb,848,ECG1 (UNVERIFIED),REGULAR,0.025591639800089824,0.0
svdb,848,ECG1 (UNVERIFIED),REGULAR,0.037434083364207046,0.0
svdb,848,ECG1 (UNVERIFIED),REGULAR,0.06854386926043271,0.0
svdb,848,ECG1 (UNVERIFIED),REGULAR,0.02286002286003581,0.0
svdb,848,ECG1 (UNVERIFIED),REGULAR,0.030209749161097164,0.0
svdb,848,ECG1 (UNVERIFIED),REGULAR,0.02701136875271157,0.0
svdb,848,ECG1 (UNVERIFIED),REGULAR,0.02506120493396549,0.0
svdb,848,ECG1 (UNVERIFIED),REGULAR,0.025988325091622147,0.0
svdb,848,ECG1 (UNVERIFIED),REGULAR,0.025271588957342026,0.0
svdb,848,ECG1 (UNVERIFIED),REGULAR,0.019803560146419742,0.0
svdb,848,ECG1 (UNVERIFIED),REGULAR,0.02072197965707169,0.0
svdb,848,ECG1 (UNVERIFIED),REGULAR,0.01916342437262707,0.0
svdb,848,ECG1 (UNVERIFIED),REGULAR,0.026759316831681965,0.0
svdb,848,ECG1 (UNVERIFIED),REGULAR,0.023084139893235173,0.0
svdb,848,ECG1 (UNVERIFIED),REGULAR,0.02256317328548153,0.0
svdb,848,ECG1 (UNVERIFIED),REGULAR,0.023461027156552055,0.0
svdb,848,ECG1 (UNVERIFIED),REGULAR,0.02645573534495342,0.0
svdb,848,ECG1 (UNVERIFIED),REGULAR,0.02757209178515462,0.0
svdb,848,ECG1 (UNVERIFIED),REGULAR,0.023615093724778543,0.0
svdb,848,ECG1 (UNVERIFIED),REGULAR,0.022968973723347223,0.0
svdb,848,ECG1 (UNVERIFIED),REGULAR,0.13982331290866268,0.0
svdb,848,ECG1 (UNVERIFIED),REGULAR,0.02091739360213658,0.0
svdb,848,ECG1 (UNVERIFIED),REGULAR,0.0186393472700198,0.0
svdb,848,ECG1 (UNVERIFIED),REGULAR,0.01858538443904333,0.0
svdb,848,ECG1 (UNVERIFIED),REGULAR,0.021096369615406726,0.0
svdb,848,ECG1 (UNVERIFIED),REGULAR,0.01877910664619669,0.0
svdb,848,ECG1 (UNVERIFIED),REGULAR,0.018170336901366477,0.0
svdb,848,ECG1 (UNVERIFIED),REGULAR,0.02112667631390521,0.0
svdb,848,ECG1 (UNVERIFIED),REGULAR,0.017557240830688985,0.0
svdb,848,ECG1 (UNVERIFIED),REGULAR,0.013551048887522746,0.0
svdb,848,ECG1 (UNVERIFIED),REGULAR,0.03142917038326537,0.0
svdb,848,ECG1 (UNVERIFIED),REGULAR,0.022673652075173294,0.0
svdb,848,ECG1 (UNVERIFIED),REGULAR,0.01906026844623292,0.0
svdb,848,ECG1 (UNVERIFIED),REGULAR,0.0178678197621508,0.0
svdb,848,ECG1 (UNVERIFIED),REGULAR,0.022017519969753985,0.0
svdb,848,ECG1 (UNVERIFIED),REGULAR,0.018779541183778604,0.0
svdb,848,ECG1 (UNVERIFIED),REGULAR,0.01975394370321987,0.0
svdb,848,ECG1 (UNVERIFIED),REGULAR,0.024026438840171225,0.0
svdb,848,ECG1 (UNVERIFIED),REGULAR,0.02222927677620273,0.0
svdb,848,ECG1 (UNVERIFIED),REGULAR,0.02094000128044426,0.0
svdb,848,ECG1 (UNVERIFIED),REGULAR,0.021265653466287712,0.0
svdb,848,ECG1 (UNVERIFIED),REGULAR,0.022398156606180844,0.0
svdb,849,ECG1 (UNVERIFIED),REGULAR,0.013181308081799395,0.0
svdb,849,ECG1 (UNVERIFIED),REGULAR,0.018584854460946182,0.0
svdb,849,ECG1 (UNVERIFIED),REGULAR,0.017728230641176245,0.0
svdb,849,ECG1 (UNVERIFIED),IRREGULAR,0.29125320256612797,0.203125
svdb,849,ECG1 (UNVERIFIED),REGULAR,0.21737183523409767,0.0
svdb,849,ECG1 (UNVERIFIED),REGULAR,0.08196357797700962,0.0
svdb,849,ECG1 (UNVERIFIED),REGULAR,0.04456618628284637,0.0
svdb,849,ECG1 (UNVERIFIED),REGULAR,0.04836366005457954,0.0
svdb,849,ECG1 (UNVERIFIED),REGULAR,0.017578064901282216,0.0
svdb,849,ECG1 (UNVERIFIED),IRREGULAR,0.34368041412511185,0.1875
svdb,849,ECG1 (UNVERIFIED),REGULAR,0.016852875402763628,0.0
svdb,849,ECG1 (UNVERIFIED),REGULAR,0.016721315939259976,0.0
svdb,849,ECG1 (UNVERIFIED),REGULAR,0.014499035794033936,0.0
svdb,849,ECG1 (UNVERIFIED),REGULAR,0.0157910418963459,0.0
svdb,849,ECG1 (UNVERIFIED),REGULAR,0.012362402996467327,0.0
svdb,849,ECG1 (UNVERIFIED),REGULAR,0.013136304459105103,0.0
svdb,849,ECG1 (UNVERIFIED),REGULAR,0.014812420495315507,0.0
svdb,850,ECG1 (UNVERIFIED),REGULAR,0.031562842734527835,0.0
svdb,850,ECG1 (UNVERIFIED),REGULAR,0.053424617240085535,0.0
svdb,850,ECG1 (UNVERIFIED),REGULAR,0.06369223804173754,0.0
svdb,850,ECG1 (UNVERIFIED),REGULAR,0.07287005125625143,0.0
svdb,850,ECG1 (UNVERIFIED),REGULAR,0.021227583522831817,0.0
svdb,850,ECG1 (UNVERIFIED),REGULAR,0.03621472880887511,0.0
svdb,850,ECG1 (UNVERIFIED),REGULAR,0.02795532990864371,0.0
svdb,850,ECG1 (UNVERIFIED),REGULAR,0.04771422091527315,0.0
svdb,850,ECG1 (UNVERIFIED),REGULAR,0.03822778973975762,0.0
svdb,850,ECG1 (UNVERIFIED),REGULAR,0.06141606343941651,0.0
svdb,850,ECG1 (UNVERIFIED),REGULAR,0.03028615800663475,0.0
svdb,850,ECG1 (UNVERIFIED),REGULAR,0.05651312192767873,0.0
svdb,850,ECG1 (UNVERIFIED),REGULAR,0.03803831541259378,0.0
svdb,850,ECG1 (UNVERIFIED),REGULAR,0.020465517062410787,0.0
svdb,850,ECG1 (UNVERIFIED),REGULAR,0.023673851016024972,0.0
svdb,850,ECG1 (UNVERIFIED),REGULAR,0.030241885045779245,0.0
svdb,850,ECG1 (UNVERIFIED),REGULAR,0.02864612850089071,0.0
svdb,850,ECG1 (UNVERIFIED),REGULAR,0.07434619705234946,0.0
svdb,850,ECG1 (UNVERIFIED),REGULAR,0.025262203679247155,0.0
svdb,850,ECG1 (UNVERIFIED),REGULAR,0.05157247523966893,0.0
svdb,850,ECG1 (UNVERIFIED),REGULAR,0.018949422092002004,0.0
svdb,850,ECG1 (UNVERIFIED),REGULAR,0.01977397196277131,0.0
svdb,850,ECG1 (UNVERIFIED),REGULAR,0.017302256117814697,0.0
svdb,850,ECG1 (UNVERIFIED),REGULAR,0.020747940582011886,0.0
svdb,850,ECG1 (UNVERIFIED),REGULAR,0.22538998966052615,0.0
svdb,850,ECG1 (UNVERIFIED),REGULAR,0.037431306949266455,0.0
svdb,851,ECG1 (UNVERIFIED),REGULAR,0.02496965873551205,0.0
svdb,851,ECG1 (UNVERIFIED),REGULAR,0.02169935692819196,0.0
svdb,852,ECG1 (UNVERIFIED),REGULAR,0.0805148393879656,0.0
svdb,852,ECG1 (UNVERIFIED),REGULAR,0.05242334891963395,0.0
svdb,852,ECG1 (UNVERIFIED),REGULAR,0.06315543867344497,0.0
svdb,852,ECG1 (UNVERIFIED),IRREGULAR,0.1368593366991393,0.125
svdb,852,ECG1 (UNVERIFIED),REGULAR,0.048075089978686675,0.0
svdb,852,ECG1 (UNVERIFIED),REGULAR,0.044436966847042875,0.0
svdb,852,ECG1 (UNVERIFIED),IRREGULAR,0.13575159368910597,0.125
svdb,852,ECG1 (UNVERIFIED),IRREGULAR,0.17647471328625872,0.171875
svdb,852,ECG1 (UNVERIFIED),IRREGULAR,0.18760609054165708,0.140625
svdb,852,ECG1 (UNVERIFIED),IRREGULAR,0.23576516538162262,0.25
svdb,852,ECG1 (UNVERIFIED),IRREGULAR,0.22555500777878626,0.21875
svdb,852,ECG1 (UNVERIFIED),IRREGULAR,0.20232443222582047,0.21875
svdb,852,ECG1 (UNVERIFIED),IRREGULAR,0.2602070019948214,0.3125
svdb,852,ECG1 (UNVERIFIED),IRREGULAR,0.19091704925828917,0.21875
svdb,852,ECG1 (UNVERIFIED),IRREGULAR,0.16993640814954927,0.140625
svdb,852,ECG1 (UNVERIFIED),IRREGULAR,0.23599020805533913,0.171875
svdb,852,ECG1 (UNVERIFIED),IRREGULAR,0.21189343800223057,0.171875
svdb,852,ECG1 (UNVERIFIED),IRREGULAR,0.22645220112343617,0.125
svdb,852,ECG1 (UNVERIFIED),IRREGULAR,0.20701955980453124,0.140625
svdb,852,ECG1 (UNVERIFIED),IRREGULAR,0.2008389013705387,0.140625
svdb,852,ECG1 (UNVERIFIED),IRREGULAR,0.22344644864523314,0.234375
svdb,852,ECG1 (UNVERIFIED),IRREGULAR,0.19511355164592764,0.25
svdb,852,ECG1 (UNVERIFIED),IRREGULAR,0.2011720882204309,0.109375
svdb,852,ECG1 (UNVERIFIED),IRREGULAR,0.2269471139349487,0.15625
svdb,852,ECG1 (UNVERIFIED),IRREGULAR,0.24323526139253074,0.28125
svdb,852,ECG1 (UNVERIFIED),IRREGULAR,0.14352068300256032,0.109375
svdb,852,ECG1 (UNVERIFIED),IRREGULAR,0.22307200213659698,0.234375
svdb,852,ECG1 (UNVERIFIED),IRREGULAR,0.14228479045657993,0.109375
svdb,852,ECG1 (UNVERIFIED),IRREGULAR,0.21607264230736645,0.296875
svdb,853,ECG1 (UNVERIFIED),REGULAR,0.03157645729723627,0.0
svdb,853,ECG1 (UNVERIFIED),REGULAR,0.015179378958556455,0.0
svdb,853,ECG1 (UNVERIFIED),REGULAR,0.04489670758949441,0.0
svdb,853,ECG1 (UNVERIFIED),REGULAR,0.07824837472182483,0.0
svdb,855,ECG1 (UNVERIFIED),IRREGULAR,0.12906050885756773,0.25
svdb,855,ECG1 (UNVERIFIED),IRREGULAR,0.1435760915091928,0.125
svdb,856,ECG1 (UNVERIFIED),REGULAR,0.0678630764950899,0.0
svdb,856,ECG1 (UNVERIFIED),REGULAR,0.015875365810519154,0.0
svdb,856,ECG1 (UNVERIFIED),IRREGULAR,0.12890572330753694,0.171875
svdb,856,ECG1 (UNVERIFIED),REGULAR,0.024289555305410552,0.0
svdb,856,ECG1 (UNVERIFIED),REGULAR,0.01637790144384824,0.0
svdb,856,ECG1 (UNVERIFIED),REGULAR,0.016227496926537906,0.0
svdb,856,ECG1 (UNVERIFIED),REGULAR,0.011282573612428447,0.0
svdb,856,ECG1 (UNVERIFIED),REGULAR,0.019898361205957567,0.0
svdb,856,ECG1 (UNVERIFIED),REGULAR,0.013621078914885303,0.0
svdb,856,ECG1 (UNVERIFIED),REGULAR,0.012983515809178,0.0
svdb,856,ECG1 (UNVERIFIED),REGULAR,0.019889127643500044,0.0
svdb,856,ECG1 (UNVERIFIED),REGULAR,0.014457985821612005,0.0
svdb,856,ECG1 (UNVERIFIED),REGULAR,0.012753039197169691,0.0
svdb,856,ECG1 (UNVERIFIED),REGULAR,0.014150985849095549,0.0
svdb,856,ECG1 (UNVERIFIED),REGULAR,0.06340297774637671,0.0
svdb,856,ECG1 (UNVERIFIED),REGULAR,0.06318182735325664,0.0
svdb,856,ECG1 (UNVERIFIED),REGULAR,0.014840442882606877,0.0
svdb,856,ECG1 (UNVERIFIED),REGULAR,0.014076429227264264,0.0
svdb,856,ECG1 (UNVERIFIED),REGULAR,0.012581962912548612,0.0
svdb,856,ECG1 (UNVERIFIED),REGULAR,0.05877579331641952,0.0
svdb,856,ECG1 (UNVERIFIED),REGULAR,0.01594292209543817,0.0
svdb,856,ECG1 (UNVERIFIED),REGULAR,0.056394331971699296,0.0
svdb,856,ECG1 (UNVERIFIED),REGULAR,0.05705186106172255,0.0
svdb,856,ECG1 (UNVERIFIED),REGULAR,0.05374619128477857,0.0
svdb,856,ECG1 (UNVERIFIED),REGULAR,0.013498757523438413,0.0
svdb,856,ECG1 (UNVERIFIED),REGULAR,0.049327087707613064,0.0
svdb,856,ECG1 (UNVERIFIED),REGULAR,0.06383841315332715,0.0
svdb,856,ECG1 (UNVERIFIED),REGULAR,0.014954900308343849,0.0
svdb,856,ECG1 (UNVERIFIED),REGULAR,0.01545970591720727,0.0
svdb,856,ECG1 (UNVERIFIED),REGULAR,0.014939567503048213,0.0
svdb,856,ECG1 (UNVERIFIED),REGULAR,0.057835019358440695,0.0
svdb,856,ECG1 (UNVERIFIED),REGULAR,0.01702993843805471,0.0
svdb,856,ECG1 (UNVERIFIED),REGULAR,0.013143545263483719,0.0
svdb,856,ECG1 (UNVERIFIED),REGULAR,0.015971497266157084,0.0
svdb,856,ECG1 (UNVERIFIED),REGULAR,0.01565232517462385,0.0
svdb,856,ECG1 (UNVERIFIED),REGULAR,0.016834913095605485,0.0
svdb,857,ECG1 (UNVERIFIED),REGULAR,0.08277221556389654,0.0
svdb,857,ECG1 (UNVERIFIED),REGULAR,0.08021643594756364,0.0
svdb,857,ECG1 (UNVERIFIED),REGULAR,0.08795402619700592,0.0
svdb,857,ECG1 (UNVERIFIED),REGULAR,0.026872157202371922,0.0
svdb,858,ECG1 (UNVERIFIED),REGULAR,0.012367045899883767,0.0
svdb,858,ECG1 (UNVERIFIED),REGULAR,0.011371652767903001,0.0
svdb,858,ECG1 (UNVERIFIED),REGULAR,0.011244813160542544,0.0
svdb,858,ECG1 (UNVERIFIED),REGULAR,0.010048479403727833,0.0
svdb,858,ECG1 (UNVERIFIED),REGULAR,0.012478357585163115,0.0
svdb,858,ECG1 (UNVERIFIED),REGULAR,0.020984580773099067,0.0
svdb,858,ECG1 (UNVERIFIED),REGULAR,0.013122537319219087,0.0
svdb,858,ECG1 (UNVERIFIED),REGULAR,0.010913810708146478,0.0
svdb,858,ECG1 (UNVERIFIED),REGULAR,0.018474190529886785,0.0
svdb,858,ECG1 (UNVERIFIED),REGULAR,0.0203556094612413,0.0
svdb,858,ECG1 (UNVERIFIED),REGULAR,0.05128654265828336,0.0
svdb,858,ECG1 (UNVERIFIED),REGULAR,0.01591636067653034,0.0
svdb,858,ECG1 (UNVERIFIED),REGULAR,0.016410712440714754,0.0
svdb,858,ECG1 (UNVERIFIED),REGULAR,0.0116269325116838,0.0
svdb,858,ECG1 (UNVERIFIED),REGULAR,0.018921523295090906,0.0
svdb,858,ECG1 (UNVERIFIED),REGULAR,0.014519120998998554,0.0
svdb,858,ECG1 (UNVERIFIED),REGULAR,0.012215223421243456,0.0
svdb,858,ECG1 (UNVERIFIED),REGULAR,0.00958658623342836,0.0
svdb,858,ECG1 (UNVERIFIED),REGULAR,0.015169480499253488,0.0
svdb,858,ECG1 (UNVERIFIED),REGULAR,0.01455495277446352,0.0
svdb,858,ECG1 (UNVERIFIED),REGULAR,0.010111874047842655,0.0
svdb,858,ECG1 (UNVERIFIED),REGULAR,0.011322758820513062,0.0
svdb,858,ECG1 (UNVERIFIED),REGULAR,0.011146891361751874,0.0
svdb,858,ECG1 (UNVERIFIED),REGULAR,0.018119612477498003,0.0
svdb,858,ECG1 (UNVERIFIED),REGULAR,0.024130706649209487,0.0
svdb,858,ECG1 (UNVERIFIED),REGULAR,0.02064592732503084,0.0
svdb,858,ECG1 (UNVERIFIED),REGULAR,0.020302807968557095,0.0
svdb,858,ECG1 (UNVERIFIED),REGULAR,0.0191609099891347,0.0
svdb,858,ECG1 (UNVERIFIED),REGULAR,0.02175342828938821,0.0
svdb,858,ECG1 (UNVERIFIED),REGULAR,0.028573500437514547,0.0
svdb,858,ECG1 (UNVERIFIED),REGULAR,0.021258420440216263,0.0
svdb,858,ECG1 (UNVERIFIED),REGULAR,0.017423138363612947,0.0
svdb,858,ECG1 (UNVERIFIED),REGULAR,0.021907043085839555,0.0
svdb,861,ECG1 (UNVERIFIED),IRREGULAR,0.16105521165698392,0.125
svdb,861,ECG1 (UNVERIFIED),IRREGULAR,0.2488665659858407,0.3125
svdb,861,ECG1 (UNVERIFIED),IRREGULAR,0.21483709028119147,0.203125
svdb,861,ECG1 (UNVERIFIED),IRREGULAR,0.20139456868549285,0.21875
svdb,861,ECG1 (UNVERIFIED),IRREGULAR,0.2219478046652004,0.265625
svdb,861,ECG1 (UNVERIFIED),IRREGULAR,0.2024022068176378,0.265625
svdb,861,ECG1 (UNVERIFIED),IRREGULAR,0.1823388077158628,0.234375
svdb,861,ECG1 (UNVERIFIED),IRREGULAR,0.26932916347477004,0.34375
svdb,861,ECG1 (UNVERIFIED),IRREGULAR,0.18802567447826898,0.234375
svdb,861,ECG1 (UNVERIFIED),IRREGULAR,0.15673107056144792,0.125
svdb,861,ECG1 (UNVERIFIED),IRREGULAR,0.159502799779308,0.109375
svdb,861,ECG1 (UNVERIFIED),IRREGULAR,0.21974387694964304,0.203125
svdb,861,ECG1 (UNVERIFIED),IRREGULAR,0.15543478747189143,0.15625
svdb,861,ECG1 (UNVERIFIED),IRREGULAR,0.19992321913168665,0.1875
svdb,861,ECG1 (UNVERIFIED),IRREGULAR,0.16368589847188955,0.171875
svdb,861,ECG1 (UNVERIFIED),IRREGULAR,0.2105408728659779,0.265625
svdb,861,ECG1 (UNVERIFIED),IRREGULAR,0.26043239503390403,0.265625
svdb,861,ECG1 (UNVERIFIED),IRREGULAR,0.2452376304372536,0.234375
svdb,861,ECG1 (UNVERIFIED),IRREGULAR,0.24331111890829663,0.25
svdb,861,ECG1 (UNVERIFIED),IRREGULAR,0.2056022332484219,0.203125
svdb,861,ECG1 (UNVERIFIED),IRREGULAR,0.26481624374399,0.265625
svdb,861,ECG1 (UNVERIFIED),IRREGULAR,0.2555296681046995,0.3125
svdb,861,ECG1 (UNVERIFIED),IRREGULAR,0.2179986624673709,0.21875
svdb,861,ECG1 (UNVERIFIED),IRREGULAR,0.2830557192625088,0.3125
svdb,861,ECG1 (UNVERIFIED),IRREGULAR,0.2494961057028382,0.25
svdb,861,ECG1 (UNVERIFIED),IRREGULAR,0.208055900518792,0.1875
svdb,861,ECG1 (UNVERIFIED),IRREGULAR,0.2727328735346812,0.34375
svdb,861,ECG1 (UNVERIFIED),IRREGULAR,0.241585799503839,0.1875
svdb,861,ECG1 (UNVERIFIED),IRREGULAR,0.2736110021825035,0.328125
svdb,861,ECG1 (UNVERIFIED),IRREGULAR,0.20668983135195998,0.21875
svdb,861,ECG1 (UNVERIFIED),IRREGULAR,0.2586082889177907,0.265625
svdb,861,ECG1 (UNVERIFIED),IRREGULAR,0.24048691275048506,0.265625
svdb,861,ECG1 (UNVERIFIED),IRREGULAR,0.2565062990035468,0.28125
svdb,861,ECG1 (UNVERIFIED),IRREGULAR,0.20841843326574264,0.28125
svdb,861,ECG1 (UNVERIFIED),IRREGULAR,0.25779968874883247,0.28125
svdb,862,ECG1 (UNVERIFIED),REGULAR,0.1505873516647884,0.0
svdb,862,ECG1 (UNVERIFIED),REGULAR,0.15442288346274607,0.0
svdb,862,ECG1 (UNVERIFIED),REGULAR,0.12726819692984215,0.0
svdb,862,ECG1 (UNVERIFIED),REGULAR,0.12230592578224832,0.0
svdb,862,ECG1 (UNVERIFIED),REGULAR,0.11288886988140877,0.0
svdb,862,ECG1 (UNVERIFIED),REGULAR,0.14113119707984179,0.0
svdb,862,ECG1 (UNVERIFIED),REGULAR,0.03534471156848989,0.0
svdb,862,ECG1 (UNVERIFIED),REGULAR,0.05833062992519116,0.0
svdb,862,ECG1 (UNVERIFIED),REGULAR,0.06318124188739738,0.0
svdb,862,ECG1 (UNVERIFIED),REGULAR,0.040937146019749,0.0
svdb,862,ECG1 (UNVERIFIED),REGULAR,0.026474024753046117,0.0
svdb,862,ECG1 (UNVERIFIED),REGULAR,0.05398390387028752,0.0
svdb,862,ECG1 (UNVERIFIED),REGULAR,0.06531984699262113,0.0
svdb,862,ECG1 (UNVERIFIED),REGULAR,0.05212751697882887,0.0
svdb,862,ECG1 (UNVERIFIED),REGULAR,0.048865694564176276,0.0
svdb,862,ECG1 (UNVERIFIED),REGULAR,0.09528416345741625,0.0
svdb,862,ECG1 (UNVERIFIED),IRREGULAR,0.0996812459992693,0.171875
svdb,862,ECG1 (UNVERIFIED),REGULAR,0.12420657870286245,0.0
svdb,862,ECG1 (UNVERIFIED),REGULAR,0.08723967697324947,0.0
svdb,862,ECG1 (UNVERIFIED),REGULAR,0.03300604382962287,0.0
svdb,863,ECG1 (UNVERIFIED),IRREGULAR,0.11804593808371908,0.125
svdb,863,ECG1 (UNVERIFIED),IRREGULAR,0.09721146458744212,0.109375
svdb,863,ECG1 (UNVERIFIED),IRREGULAR,0.15779006672714327,0.15625
svdb,865,ECG1 (UNVERIFIED),IRREGULAR,0.03185801719891222,1.0
svdb,865,ECG1 (UNVERIFIED),IRREGULAR,0.015867553193171263,1.0
svdb,865,ECG1 (UNVERIFIED),IRREGULAR,0.01821231246824001,1.0
svdb,865,ECG1 (UNVERIFIED),IRREGULAR,0.019996250980547116,1.0
svdb,865,ECG1 (UNVERIFIED),IRREGULAR,0.017994567291798966,1.0
svdb,865,ECG1 (UNVERIFIED),IRREGULAR,0.01683240628821569,1.0
svdb,865,ECG1 (UNVERIFIED),IRREGULAR,0.01270417568904239,1.0
svdb,865,ECG1 (UNVERIFIED),IRREGULAR,0.010656983261289655,1.0
svdb,865,ECG1 (UNVERIFIED),IRREGULAR,0.014106825530431426,1.0
svdb,865,ECG1 (UNVERIFIED),IRREGULAR,0.013825799421444449,1.0
svdb,865,ECG1 (UNVERIFIED),IRREGULAR,0.014567912396707546,0.96875
svdb,865,ECG1 (UNVERIFIED),IRREGULAR,0.013636581663558757,1.0
svdb,865,ECG1 (UNVERIFIED),IRREGULAR,0.014555747125383366,1.0
svdb,865,ECG1 (UNVERIFIED),IRREGULAR,0.015431773618416203,0.9375
svdb,865,ECG1 (UNVERIFIED),IRREGULAR,0.01326485122669424,1.0
svdb,865,ECG1 (UNVERIFIED),IRREGULAR,0.016815432887600297,1.0
svdb,865,ECG1 (UNVERIFIED),IRREGULAR,0.01570035869922721,1.0
svdb,865,ECG1 (UNVERIFIED),IRREGULAR,0.12350075765940977,0.984375
svdb,865,ECG1 (UNVERIFIED),IRREGULAR,0.014405958376948028,1.0
svdb,865,ECG1 (UNVERIFIED),IRREGULAR,0.02705655881115722,0.984375
svdb,865,ECG1 (UNVERIFIED),IRREGULAR,0.013518924561560263,1.0
svdb,865,ECG1 (UNVERIFIED),IRREGULAR,0.011800070132668145,0.96875
svdb,865,ECG1 (UNVERIFIED),IRREGULAR,0.015578728519263304,0.984375
svdb,866,ECG1 (UNVERIFIED),REGULAR,0.009606652985777397,0.0
svdb,866,ECG1 (UNVERIFIED),REGULAR,0.01261809142982867,0.0
svdb,866,ECG1 (UNVERIFIED),IRREGULAR,0.16099384438432515,0.125
svdb,866,ECG1 (UNVERIFIED),IRREGULAR,0.36319917304742005,0.109375
svdb,867,ECG1 (UNVERIFIED),IRREGULAR,0.22077450711872132,0.15625
svdb,867,ECG1 (UNVERIFIED),REGULAR,0.2028659267470892,0.0
svdb,867,ECG1 (UNVERIFIED),REGULAR,0.16293995565259517,0.0
svdb,867,ECG1 (UNVERIFIED),REGULAR,0.13105654278007103,0.0
svdb,867,ECG1 (UNVERIFIED),REGULAR,0.01903986363439165,0.0
svdb,867,ECG1 (UNVERIFIED),REGULAR,0.26224348133655756,0.0
svdb,867,ECG1 (UNVERIFIED),REGULAR,0.1238884161779994,0.0
svdb,867,ECG1 (UNVERIFIED),REGULAR,0.16323450116577165,0.0
svdb,867,ECG1 (UNVERIFIED),REGULAR,0.2985737011995701,0.0
svdb,867,ECG1 (UNVERIFIED),REGULAR,0.2624057058962685,0.0
svdb,867,ECG1 (UNVERIFIED),REGULAR,0.20841790376961047,0.0
svdb,867,ECG1 (UNVERIFIED),REGULAR,0.08074934752993537,0.0
svdb,867,ECG1 (UNVERIFIED),REGULAR,0.0362691798101692,0.0
svdb,867,ECG1 (UNVERIFIED),REGULAR,0.03768346703759538,0.0
svdb,867,ECG1 (UNVERIFIED),REGULAR,0.04544093634967433,0.0
svdb,867,ECG1 (UNVERIFIED),REGULAR,0.03662587173334802,0.0
svdb,867,ECG1 (UNVERIFIED),IRREGULAR,0.24818266373256367,0.109375
svdb,867,ECG1 (UNVERIFIED),REGULAR,0.08036616374280528,0.0
svdb,867,ECG1 (UNVERIFIED),REGULAR,0.10275995662576337,0.0
svdb,867,ECG1 (UNVERIFIED),REGULAR,0.09103795871844514,0.0
svdb,867,ECG1 (UNVERIFIED),REGULAR,0.06501526279447774,0.0
svdb,867,ECG1 (UNVERIFIED),REGULAR,0.04075757733059555,0.0
svdb,867,ECG1 (UNVERIFIED),IRREGULAR,0.2811594576296167,0.125
svdb,869,ECG1 (UNVERIFIED),IRREGULAR,0.20023380210800465,0.21875
svdb,869,ECG1 (UNVERIFIED),IRREGULAR,0.20784738913129414,0.296875
svdb,869,ECG1 (UNVERIFIED),IRREGULAR,0.2296318047827131,0.265625
svdb,869,ECG1 (UNVERIFIED),IRREGULAR,0.19863326314013935,0.328125
svdb,869,ECG1 (UNVERIFIED),IRREGULAR,0.19015221879035563,0.265625
svdb,869,ECG1 (UNVERIFIED),IRREGULAR,0.239211410611428,0.328125
svdb,869,ECG1 (UNVERIFIED),IRREGULAR,0.22910826414465432,0.3125
svdb,869,ECG1 (UNVERIFIED),IRREGULAR,0.1957064462004152,0.296875
svdb,869,ECG1 (UNVERIFIED),IRREGULAR,0.1874558340488277,0.3125
svdb,869,ECG1 (UNVERIFIED),IRREGULAR,0.2151370933568971,0.328125
svdb,869,ECG1 (UNVERIFIED),IRREGULAR,0.23123533647914735,0.21875
svdb,869,ECG1 (UNVERIFIED),IRREGULAR,0.21518050475833964,0.3125
svdb,869,ECG1 (UNVERIFIED),IRREGULAR,0.22183418531416074,0.28125
svdb,869,ECG1 (UNVERIFIED),IRREGULAR,0.2155955424267905,0.328125
svdb,869,ECG1 (UNVERIFIED),IRREGULAR,0.2026822489411549,0.234375
svdb,869,ECG1 (UNVERIFIED),IRREGULAR,0.21338463955730957,0.3125
svdb,869,ECG1 (UNVERIFIED),IRREGULAR,0.22430534610843023,0.3125
svdb,869,ECG1 (UNVERIFIED),IRREGULAR,0.2296694631801287,0.25
svdb,869,ECG1 (UNVERIFIED),IRREGULAR,0.19020607289454458,0.1875
svdb,869,ECG1 (UNVERIFIED),IRREGULAR,0.2301849368153024,0.359375
svdb,869,ECG1 (UNVERIFIED),IRREGULAR,0.23356325162535552,0.359375
svdb,869,ECG1 (UNVERIFIED),IRREGULAR,0.210836077958662,0.265625
svdb,869,ECG1 (UNVERIFIED),IRREGULAR,0.21425318613786126,0.25
svdb,869,ECG1 (UNVERIFIED),IRREGULAR,0.2504115501984814,0.25
svdb,869,ECG1 (UNVERIFIED),IRREGULAR,0.18400069277750103,0.25
svdb,869,ECG1 (UNVERIFIED),IRREGULAR,0.23691576511591514,0.3125
svdb,869,ECG1 (UNVERIFIED),IRREGULAR,0.21274863706547464,0.21875
svdb,869,ECG1 (UNVERIFIED),IRREGULAR,0.24769773935146483,0.421875
svdb,869,ECG1 (UNVERIFIED),IRREGULAR,0.20750148290163184,0.234375
svdb,869,ECG1 (UNVERIFIED),IRREGULAR,0.25068650930500375,0.296875
svdb,869,ECG1 (UNVERIFIED),IRREGULAR,0.24766043446803382,0.375
svdb,869,ECG1 (UNVERIFIED),IRREGULAR,0.26797685093378387,0.328125
svdb,871,ECG1 (UNVERIFIED),REGULAR,0.04823166344121154,0.0
svdb,871,ECG1 (UNVERIFIED),REGULAR,0.057620839249682476,0.0
svdb,871,ECG1 (UNVERIFIED),REGULAR,0.04579306192389322,0.0
svdb,871,ECG1 (UNVERIFIED),REGULAR,0.04994961211814289,0.0
svdb,871,ECG1 (UNVERIFIED),REGULAR,0.045062435496919115,0.0
svdb,871,ECG1 (UNVERIFIED),REGULAR,0.026621858124095465,0.0
svdb,871,ECG1 (UNVERIFIED),REGULAR,0.02768145688804602,0.0
svdb,871,ECG1 (UNVERIFIED),REGULAR,0.09373773071375377,0.0
svdb,871,ECG1 (UNVERIFIED),REGULAR,0.06036613309751103,0.0
svdb,871,ECG1 (UNVERIFIED),REGULAR,0.06879628017141838,0.0
svdb,871,ECG1 (UNVERIFIED),REGULAR,0.12757805629662625,0.0
svdb,871,ECG1 (UNVERIFIED),REGULAR,0.03738682918175701,0.0
svdb,871,ECG1 (UNVERIFIED),REGULAR,0.114807450851775,0.0
svdb,871,ECG1 (UNVERIFIED),REGULAR,0.056815069505200495,0.0
svdb,871,ECG1 (UNVERIFIED),REGULAR,0.05623833941889636,0.0
svdb,871,ECG1 (UNVERIFIED),REGULAR,0.06103316749491143,0.0
svdb,871,ECG1 (UNVERIFIED),REGULAR,0.04294615078268648,0.0
svdb,871,ECG1 (UNVERIFIED),REGULAR,0.09544833810534285,0.0
svdb,872,ECG1 (UNVERIFIED),REGULAR,0.06404081264703579,0.0
svdb,872,ECG1 (UNVERIFIED),REGULAR,0.11610444646354749,0.0
svdb,872,ECG1 (UNVERIFIED),REGULAR,0.06442993010248654,0.0
svdb,872,ECG1 (UNVERIFIED),REGULAR,0.06310615266598868,0.0
svdb,872,ECG1 (UNVERIFIED),REGULAR,0.036080864176215206,0.0
svdb,872,ECG1 (UNVERIFIED),REGULAR,0.06787956613850026,0.0
svdb,873,ECG1 (UNVERIFIED),REGULAR,0.012650667814218013,0.0
svdb,873,ECG1 (UNVERIFIED),REGULAR,0.02038408755414987,0.0
svdb,873,ECG1 (UNVERIFIED),REGULAR,0.023130020997748066,0.0
svdb,873,ECG1 (UNVERIFIED),REGULAR,0.016541155597709283,0.0
svdb,873,ECG1 (UNVERIFIED),REGULAR,0.02454322735548145,0.0
svdb,873,ECG1 (UNVERIFIED),REGULAR,0.023893874409595343,0.0
svdb,873,ECG1 (UNVERIFIED),REGULAR,0.03926490002335623,0.0
svdb,873,ECG1 (UNVERIFIED),REGULAR,0.023406206461618288,0.0
svdb,873,ECG1 (UNVERIFIED),REGULAR,0.02297099245554361,0.0
svdb,873,ECG1 (UNVERIFIED),REGULAR,0.03068556334948906,0.0
svdb,873,ECG1 (UNVERIFIED),REGULAR,0.026030433310375037,0.0
svdb,873,ECG1 (UNVERIFIED),REGULAR,0.0413243097353181,0.0
svdb,873,ECG1 (UNVERIFIED),REGULAR,0.02853625210970366,0.0
svdb,874,ECG1 (UNVERIFIED),REGULAR,0.02331770551500355,0.0
svdb,874,ECG1 (UNVERIFIED),REGULAR,0.022138348764145315,0.0
svdb,874,ECG1 (UNVERIFIED),REGULAR,0.01968063268819941,0.0
svdb,874,ECG1 (UNVERIFIED),REGULAR,0.01306660661611239,0.0
svdb,874,ECG1 (UNVERIFIED),REGULAR,0.00876995048707544,0.0
svdb,874,ECG1 (UNVERIFIED),REGULAR,0.033342863025018744,0.0
svdb,874,ECG1 (UNVERIFIED),REGULAR,0.02837305431646483,0.0
svdb,874,ECG1 (UNVERIFIED),REGULAR,0.013022883739303992,0.0
svdb,874,ECG1 (UNVERIFIED),REGULAR,0.01828335122009483,0.0
svdb,874,ECG1 (UNVERIFIED),REGULAR,0.010580455673746467,0.0
svdb,874,ECG1 (UNVERIFIED),REGULAR,0.022077521590921384,0.0
svdb,874,ECG1 (UNVERIFIED),REGULAR,0.028801073794010333,0.0
svdb,874,ECG1 (UNVERIFIED),REGULAR,0.013967018263401484,0.0
svdb,874,ECG1 (UNVERIFIED),REGULAR,0.012340373260784151,0.0
svdb,874,ECG1 (UNVERIFIED),REGULAR,0.01595948741186046,0.0
svdb,875,ECG1 (UNVERIFIED),REGULAR,0.05247545119333955,0.0
svdb,875,ECG1 (UNVERIFIED),REGULAR,0.018161097873506196,0.0
svdb,875,ECG1 (UNVERIFIED),REGULAR,0.015587816208240112,0.0
svdb,875,ECG1 (UNVERIFIED),REGULAR,0.01064951904563699,0.0
svdb,875,ECG1 (UNVERIFIED),REGULAR,0.014585955749874532,0.0
svdb,875,ECG1 (UNVERIFIED),REGULAR,0.023693295322965845,0.0
svdb,875,ECG1 (UNVERIFIED),REGULAR,0.07291210121579361,0.0
svdb,875,ECG1 (UNVERIFIED),REGULAR,0.014783125075917496,0.0
svdb,875,ECG1 (UNVERIFIED),REGULAR,0.015118481561911479,0.0
svdb,875,ECG1 (UNVERIFIED),REGULAR,0.06117730738185661,0.0
svdb,875,ECG1 (UNVERIFIED),REGULAR,0.01755160088331156,0.0
svdb,875,ECG1 (UNVERIFIED),REGULAR,0.01600004952188619,0.0
svdb,876,ECG1 (UNVERIFIED),IRREGULAR,0.11007272189128837,0.109375
svdb,876,ECG1 (UNVERIFIED),IRREGULAR,0.09490612617880229,0.125
svdb,876,ECG1 (UNVERIFIED),REGULAR,0.07576579871951246,0.0
svdb,876,ECG1 (UNVERIFIED),IRREGULAR,0.1518513774859047,0.15625
svdb,876,ECG1 (UNVERIFIED),IRREGULAR,0.14317833372142005,0.109375
svdb,877,ECG1 (UNVERIFIED),IRREGULAR,0.15110161218568496,0.109375
svdb,877,ECG1 (UNVERIFIED),IRREGULAR,0.1740177896679421,0.125
svdb,877,ECG1 (UNVERIFIED),IRREGULAR,0.19692396781370555,0.125
svdb,877,ECG1 (UNVERIFIED),IRREGULAR,0.17739628608388014,0.125
svdb,877,ECG1 (UNVERIFIED),IRREGULAR,0.20297987104141527,0.171875
svdb,877,ECG1 (UNVERIFIED),IRREGULAR,0.2775637749593559,0.28125
svdb,877,ECG1 (UNVERIFIED),IRREGULAR,0.19972205743356045,0.140625
svdb,877,ECG1 (UNVERIFIED),IRREGULAR,0.2056256185102736,0.203125
svdb,877,ECG1 (UNVERIFIED),IRREGULAR,0.18096821616957762,0.171875
svdb,877,ECG1 (UNVERIFIED),IRREGULAR,0.15394953685039744,0.15625
svdb,877,ECG1 (UNVERIFIED),REGULAR,0.04801588940456828,0.0
svdb,877,ECG1 (UNVERIFIED),IRREGULAR,0.1475310939228457,0.109375
svdb,877,ECG1 (UNVERIFIED),IRREGULAR,0.10316446427022523,0.125
svdb,877,ECG1 (UNVERIFIED),IRREGULAR,0.2815642318663085,0.3125
svdb,878,ECG1 (UNVERIFIED),REGULAR,0.06927196506524438,0.0
svdb,880,ECG1 (UNVERIFIED),IRREGULAR,0.13917621503232833,0.125
svdb,880,ECG1 (UNVERIFIED),IRREGULAR,0.12260271459868807,0.140625
svdb,880,ECG1 (UNVERIFIED),REGULAR,0.011068483853471457,0.0
svdb,880,ECG1 (UNVERIFIED),REGULAR,0.010047465616508192,0.0
svdb,880,ECG1 (UNVERIFIED),REGULAR,0.014864830966823391,0.0
svdb,880,ECG1 (UNVERIFIED),REGULAR,0.045321883699282084,0.0
svdb,881,ECG1 (UNVERIFIED),IRREGULAR,0.14121322164629269,0.140625
svdb,881,ECG1 (UNVERIFIED),IRREGULAR,0.30609002582314054,0.484375
svdb,882,ECG1 (UNVERIFIED),REGULAR,0.071207459810778,0.0
svdb,882,ECG1 (UNVERIFIED),REGULAR,0.015436816658375367,0.0
svdb,882,ECG1 (UNVERIFIED),REGULAR,0.016660490292254283,0.0
svdb,882,ECG1 (UNVERIFIED),REGULAR,0.025467267246656714,0.0
svdb,882,ECG1 (UNVERIFIED),REGULAR,0.01874404339540655,0.0
svdb,882,ECG1 (UNVERIFIED),REGULAR,0.014247920803582188,0.0
svdb,882,ECG1 (UNVERIFIED),REGULAR,0.014577357208080401,0.0
svdb,882,ECG1 (UNVERIFIED),REGULAR,0.019255547207869605,0.0
svdb,883,ECG1 (UNVERIFIED),REGULAR,0.07517492427263288,0.0
svdb,883,ECG1 (UNVERIFIED),REGULAR,0.020930046564860756,0.0
svdb,883,ECG1 (UNVERIFIED),REGULAR,0.02045195146257678,0.0
svdb,883,ECG1 (UNVERIFIED),REGULAR,0.019348102003562365,0.0
svdb,883,ECG1 (UNVERIFIED),REGULAR,0.01774847470746665,0.0
svdb,884,ECG1 (UNVERIFIED),REGULAR,0.036100517075118174,0.0
svdb,884,ECG1 (UNVERIFIED),REGULAR,0.024646160211957868,0.0
svdb,885,ECG1 (UNVERIFIED),IRREGULAR,0.1621827830081697,0.15625
svdb,885,ECG1 (UNVERIFIED),IRREGULAR,0.16191109800144118,0.140625
svdb,885,ECG1 (UNVERIFIED),IRREGULAR,0.18831270733926286,0.203125
svdb,885,ECG1 (UNVERIFIED),IRREGULAR,0.20681140217707855,0.203125
svdb,885,ECG1 (UNVERIFIED),IRREGULAR,0.22023884575044733,0.25
svdb,885,ECG1 (UNVERIFIED),IRREGULAR,0.18601448759096653,0.1875
svdb,885,ECG1 (UNVERIFIED),IRREGULAR,0.2162810602220053,0.265625
svdb,885,ECG1 (UNVERIFIED),IRREGULAR,0.20668645180272135,0.234375
svdb,885,ECG1 (UNVERIFIED),IRREGULAR,0.18857030958484988,0.21875
svdb,885,ECG1 (UNVERIFIED),IRREGULAR,0.20075727091143647,0.25
svdb,885,ECG1 (UNVERIFIED),IRREGULAR,0.1919494739623662,0.265625
svdb,885,ECG1 (UNVERIFIED),IRREGULAR,0.16223911763721227,0.15625
svdb,885,ECG1 (UNVERIFIED),IRREGULAR,0.17489906832738195,0.234375
svdb,885,ECG1 (UNVERIFIED),IRREGULAR,0.16107811158274796,0.21875
svdb,885,ECG1 (UNVERIFIED),IRREGULAR,0.18603422727838365,0.234375
svdb,885,ECG1 (UNVERIFIED),IRREGULAR,0.14996353729577974,0.21875
svdb,886,ECG1 (UNVERIFIED),REGULAR,0.02051437733323452,0.0
svdb,886,ECG1 (UNVERIFIED),REGULAR,0.021922957823931832,0.0
svdb,886,ECG1 (UNVERIFIED),REGULAR,0.02029119487840368,0.0
svdb,886,ECG1 (UNVERIFIED),REGULAR,0.02135936478472623,0.0
svdb,886,ECG1 (UNVERIFIED),REGULAR,0.055057602230644646,0.0
svdb,886,ECG1 (UNVERIFIED),REGULAR,0.01769183620764898,0.0
svdb,886,ECG1 (UNVERIFIED),REGULAR,0.05071791836355037,0.0
svdb,886,ECG1 (UNVERIFIED),REGULAR,0.02131593698562295,0.0
svdb,886,ECG1 (UNVERIFIED),REGULAR,0.01846030563672381,0.0
svdb,886,ECG1 (UNVERIFIED),REGULAR,0.05265773476450722,0.0
svdb,886,ECG1 (UNVERIFIED),REGULAR,0.04386712690974266,0.0
svdb,886,ECG1 (UNVERIFIED),REGULAR,0.01918391994747293,0.0
svdb,886,ECG1 (UNVERIFIED),REGULAR,0.019789729585960168,0.0
svdb,886,ECG1 (UNVERIFIED),REGULAR,0.023437500000007588,0.0
svdb,886,ECG1 (UNVERIFIED),REGULAR,0.05048831589646754,0.0
svdb,886,ECG1 (UNVERIFIED),REGULAR,0.04624042384547156,0.0
svdb,886,ECG1 (UNVERIFIED),REGULAR,0.058249578050467155,0.0
svdb,886,ECG1 (UNVERIFIED),REGULAR,0.04182809982286717,0.0
svdb,887,ECG1 (UNVERIFIED),REGULAR,0.025148738182907054,0.0
svdb,887,ECG1 (UNVERIFIED),IRREGULAR,0.1989488293724151,0.1875
svdb,887,ECG1 (UNVERIFIED),REGULAR,0.03961458492405808,0.0
svdb,888,ECG1 (UNVERIFIED),REGULAR,0.018743235059224515,0.0
svdb,888,ECG1 (UNVERIFIED),REGULAR,0.03495282398512809,0.0
svdb,888,ECG1 (UNVERIFIED),REGULAR,0.02238175480008147,0.0
svdb,889,ECG1 (UNVERIFIED),REGULAR,0.016784277471110737,0.0
svdb,889,ECG1 (UNVERIFIED),IRREGULAR,0.19179624285519892,0.234375
svdb,889,ECG1 (UNVERIFIED),IRREGULAR,0.17004731598570808,0.265625
svdb,889,ECG1 (UNVERIFIED),IRREGULAR,0.21519161932394126,0.265625
svdb,889,ECG1 (UNVERIFIED),IRREGULAR,0.1892606685711328,0.15625
svdb,890,ECG1 (UNVERIFIED),REGULAR,0.017402555208524358,0.0
svdb,890,ECG1 (UNVERIFIED),REGULAR,0.0772624634692251,0.0
svdb,890,ECG1 (UNVERIFIED),REGULAR,0.07909080848597114,0.0
svdb,890,ECG1 (UNVERIFIED),REGULAR,0.013126750127226552,0.0
svdb,890,ECG1 (UNVERIFIED),IRREGULAR,0.14847876145556343,0.125
svdb,890,ECG1 (UNVERIFIED),IRREGULAR,0.16086613679138298,0.109375
svdb,890,ECG1 (UNVERIFIED),IRREGULAR,0.20702946145374035,0.25
svdb,891,ECG1 (UNVERIFIED),IRREGULAR,0.12053536724667323,0.140625
svdb,894,ECG1 (UNVERIFIED),REGULAR,0.0641168077476135,0.0
svdb,894,ECG1 (UNVERIFIED),REGULAR,0.06275531198621145,0.0
svdb,894,ECG1 (UNVERIFIED),REGULAR,0.07982283833989352,0.0
svdb,894,ECG1 (UNVERIFIED),REGULAR,0.08053544692614449,0.0
svdb,894,ECG1 (UNVERIFIED),IRREGULAR,0.09868597202048611,0.109375
